strategy,N,rep,output,rmse,nrmse,r2,mae
random,20,0,v_out_mean,2.4198021356267985,0.026543539776475847,0.9824492635099199,1.3280861850270236
random,20,0,i_l_mean,3.896120124016981,0.1032364839748718,0.2786646122169776,1.6620900367251157
random,20,0,v_out_ripple,0.10972147570267558,0.0807450064662065,0.3860457658883035,0.053225846213525795
random,20,0,i_l_ripple,0.5011125073248903,0.0831222749671302,0.7041942660171883,0.23655775437802598
random,20,0,efficiency,0.2823975012082246,0.12108656455499721,-0.19921551739374066,0.1687446354844939
random,20,1,v_out_mean,2.5801862019421864,0.028302840994156902,0.9800456433058959,1.688324350215202
random,20,1,i_l_mean,2.345069888476226,0.062137912142201476,0.7386730846449336,1.0137147480339617
random,20,1,v_out_ripple,0.1146183526865153,0.08434866164120441,0.3300212263020018,0.06926306739965055
random,20,1,i_l_ripple,0.2291506862437921,0.038010478829485356,0.9381444849297949,0.11475827466002464
random,20,1,efficiency,0.35866949458606073,0.15379051416634276,-0.9344807926965923,0.24042336416076973
random,20,2,v_out_mean,2.3143154323371684,0.025386424298547598,0.9839460932147094,1.1190708740086153
random,20,2,i_l_mean,3.301452623947076,0.08747942826632038,0.4820561260760482,1.7632495606493144
random,20,2,v_out_ripple,0.1212658464953879,0.08924061125402208,0.2500544643562257,0.05607742656035667
random,20,2,i_l_ripple,0.255022867488656,0.04230203917172347,0.9233884317340426,0.11938439031258959
random,20,2,efficiency,0.3549680093759923,0.15220338918853415,-0.8947589648950105,0.21501432871628887
random,20,3,v_out_mean,3.602082308748354,0.03951232773651372,0.9611095562076555,1.8034248134236408
random,20,3,i_l_mean,3.213003804963439,0.08513577745655372,0.5094367149202945,1.2714688281271658
random,20,3,v_out_ripple,0.1152380060362861,0.084804670033487,0.32275752389210355,0.05036604769550942
random,20,3,i_l_ripple,0.21489953160015796,0.035646561789755116,0.9455989801993416,0.1077721737985787
random,20,3,efficiency,0.2880136900579835,0.12349467727129196,-0.24738869352514814,0.19834636491580473
random,20,4,v_out_mean,2.626728010738581,0.02881337213836396,0.9793192709384907,1.581494440906135
random,20,4,i_l_mean,2.981974360414622,0.07901413161641033,0.577447795596456,1.2642749164018119
random,20,4,v_out_ripple,0.13982104661671743,0.10289554748399454,0.002993898570310627,0.07347436682121138
random,20,4,i_l_ripple,0.2527069108994842,0.04191787877340345,0.9247735892198854,0.11025320646204977
random,20,4,efficiency,0.31488463975714176,0.13501641868713438,-0.49100291476838476,0.1879505609862495
random,20,5,v_out_mean,3.4759752954645755,0.03812902185628997,0.9637849577130605,2.392979269145575
random,20,5,i_l_mean,5.412590524506848,0.14341878513994163,-0.3921399853794838,3.310447307325225
random,20,5,v_out_ripple,0.1628990063672683,0.11987882261177925,-0.3532860008663139,0.1035352661782652
random,20,5,i_l_ripple,0.23322701310428393,0.03868664148198531,0.9359242343934262,0.11500024629398443
random,20,5,efficiency,0.29720975218272994,0.12743777012925186,-0.32831675754171163,0.18280990595900615
random,20,6,v_out_mean,5.923652228103838,0.0649783286921332,0.8948244621740477,3.1314939554394883
random,20,6,i_l_mean,3.8150693163618152,0.10108886014929633,0.3083642587845211,1.8541032248505411
random,20,6,v_out_ripple,0.14180898218788449,0.10435848689052653,-0.025557933668197474,0.06109777645283976
random,20,6,i_l_ripple,0.5225629550328531,0.08668037816049819,0.67832793936973,0.17240611717327622
random,20,6,efficiency,0.29737349975372346,0.12750798190782994,-0.32978083171223216,0.20430989539504033
random,20,7,v_out_mean,3.3334426688299406,0.03656553846695821,0.9666940661842991,2.1078209627165383
random,20,7,i_l_mean,2.319510270052045,0.06146065244438414,0.7443386008796119,1.0767108988297502
random,20,7,v_out_ripple,0.13626071477484056,0.10027546772519506,0.053121960518466516,0.0735614429201129
random,20,7,i_l_ripple,0.16458620276949418,0.02730081449260649,0.9680902828629308,0.09065103544959177
random,20,7,efficiency,0.42281048942739213,0.1812929271807906,-1.688233857446579,0.28854106297998705
random,20,8,v_out_mean,4.711943988312636,0.051686735389174926,0.9334518674628309,2.4251129480771993
random,20,8,i_l_mean,2.9300154663959255,0.0776373636115823,0.5920448806327172,1.6120626419235937
random,20,8,v_out_ripple,0.11473020436262135,0.08443097428102812,0.3287129748444505,0.03972032210963665
random,20,8,i_l_ripple,0.4646407701073072,0.07707250824765108,0.7456857285930933,0.1420873070126957
random,20,8,efficiency,0.5286467663689615,0.22667346746643763,-3.202490114273653,0.2964509801556249
random,20,9,v_out_mean,9.32003987731592,0.10223432964191342,0.7396418509087717,4.406976010912627
random,20,9,i_l_mean,2.2937001115431936,0.060776754122342486,0.7499966471424804,1.3756897254584912
random,20,9,v_out_ripple,0.1420742244306413,0.10455368100789827,-0.029397968045718592,0.07172313131332768
random,20,9,i_l_ripple,0.313778850926484,0.05204821580849388,0.8840199104353579,0.10959377521050641
random,20,9,efficiency,0.2639413708735929,0.11317293427272353,-0.047587907038508126,0.15926427745591584
random,40,0,v_out_mean,2.160744750595957,0.023701861152130476,0.9860059775116085,1.0159385438620925
random,40,0,i_l_mean,1.8816898448794892,0.049859613495770574,0.8317447423528088,0.8700854954822752
random,40,0,v_out_ripple,0.05828943762176266,0.04289571378382396,0.8267263797748493,0.032502195639918276
random,40,0,i_l_ripple,0.12271365217343543,0.020355185290890917,0.9822612968272654,0.045996908074068844
random,40,0,efficiency,0.22281245914183986,0.09553765561701193,0.2534575903938444,0.14108616354989326
random,40,1,v_out_mean,1.4220224348960717,0.015598593169241807,0.9939389407325331,0.9792553886913321
random,40,1,i_l_mean,1.429173970463808,0.037869185498051586,0.9029394479009833,0.8944201753083122
random,40,1,v_out_ripple,0.08721182773088385,0.0641799570135401,0.6121145444553027,0.05866418668462878
random,40,1,i_l_ripple,0.1424864202116054,0.02363500257285005,0.9760843023498911,0.07073873283312983
random,40,1,efficiency,0.2400082641977067,0.1029108828943917,0.13378054736327993,0.16197485601875228
random,40,2,v_out_mean,2.9056957862796478,0.03187345384397467,0.974693276413086,1.1460503484550633
random,40,2,i_l_mean,3.0503013758823934,0.0808246098904007,0.5578617754079109,1.6002571231880824
random,40,2,v_out_ripple,0.08615006629043394,0.06339859735878105,0.6215016848025625,0.03914339831576559
random,40,2,i_l_ripple,0.22838618702126773,0.03788366715813821,0.9385565248091141,0.06479232769359392
random,40,2,efficiency,0.6354257736622565,0.2724582322197368,-5.071628531835004,0.33169995210114117
random,40,3,v_out_mean,2.3385383769908206,0.025652133087481717,0.9836082758430762,1.265913601628718
random,40,3,i_l_mean,2.3764799990791494,0.06297019381645448,0.7316257221612393,1.2975988345141396
random,40,3,v_out_ripple,0.05708749635527749,0.04201119455262682,0.8337985866928942,0.03293093525034714
random,40,3,i_l_ripple,0.09891456544854146,0.016407500485988113,0.9884745843126999,0.03661266080634452
random,40,3,efficiency,0.265368083506311,0.1137846809438659,-0.058943810670738284,0.1625506273736723
random,40,4,v_out_mean,1.478639292340928,0.016219640562117728,0.9934466989452958,0.9098482489397649
random,40,4,i_l_mean,1.6739976597634019,0.04435634094309154,0.8668374034944998,0.9779579987060361
random,40,4,v_out_ripple,0.09159430717001629,0.06740506247611762,0.572151826170979,0.04611561935668811
random,40,4,i_l_ripple,0.11738111827233678,0.019470648699367994,0.9837694742289085,0.04269822208154914
random,40,4,efficiency,0.2512679289637767,0.10773880849122291,0.05059905267352316,0.1574259361572591
random,40,5,v_out_mean,1.3344151890363196,0.014637602854807077,0.9946627494859762,0.9494809737192239
random,40,5,i_l_mean,1.767957874473083,0.04684602860450546,0.8514692454632193,0.8717918792988913
random,40,5,v_out_ripple,0.05151286133068042,0.03790877122824881,0.8646731208427825,0.029618956518881447
random,40,5,i_l_ripple,0.17633156512765835,0.029249082047802296,0.9633734318434399,0.08539609793610871
random,40,5,efficiency,0.24036201640266566,0.10306256497025629,0.13122519481031025,0.16285795356961835
random,40,6,v_out_mean,1.6191752300710172,0.01776122166837487,0.9921417953083358,0.6569169483215975
random,40,6,i_l_mean,2.574921702795358,0.06822835401520182,0.6849346689594835,0.9378792059603455
random,40,6,v_out_ripple,0.08848573233526821,0.06511743470293138,0.6007000848238693,0.028837277856656917
random,40,6,i_l_ripple,0.15457913309042876,0.02564088706050348,0.9718526289638567,0.03843941125041114
random,40,6,efficiency,0.2480170541400531,0.1063448964965386,0.0750066085142087,0.14357584830026363
random,40,7,v_out_mean,3.021672052953252,0.03314563250778124,0.9726328047877132,1.5750198357215652
random,40,7,i_l_mean,2.105845620306495,0.055799125980279425,0.7892703618334458,1.007777829789162
random,40,7,v_out_ripple,0.06781930494026728,0.0499088276097801,0.765437064672956,0.0340127799274931
random,40,7,i_l_ripple,0.21160962986537807,0.035100847778198996,0.9472518832981746,0.05455574600964473
random,40,7,efficiency,0.3845586682017745,0.16489128906301298,-1.2238257288487482,0.24617475023940935
random,40,8,v_out_mean,1.9766213600852756,0.021682156124250614,0.9882893068171347,1.0478565766612746
random,40,8,i_l_mean,1.6043729141742247,0.04251147638463927,0.8776840185132548,0.8262750588897583
random,40,8,v_out_ripple,0.08363859178894158,0.06155038101312932,0.6432482247943692,0.04165521480857834
random,40,8,i_l_ripple,0.12272100537511056,0.020356405006708413,0.9822591708996681,0.046833340334291956
random,40,8,efficiency,0.33794124246662954,0.14490264218577206,-0.7173465157593195,0.21938514984811408
random,40,9,v_out_mean,1.813683766909717,0.01989484449993948,0.9901404120312718,1.2139296892709635
random,40,9,i_l_mean,3.0387116086162016,0.08051751288503037,0.5612152434881816,1.9784555183872854
random,40,9,v_out_ripple,0.14351034697170467,0.10561053631468122,-0.050313983725868594,0.0810597793511842
random,40,9,i_l_ripple,0.10991999245419615,0.018233030913432847,0.9857672283022023,0.04004036637058089
random,40,9,efficiency,0.24890065980840217,0.10672376944811908,0.06840395492858076,0.13421500330003278
random,60,0,v_out_mean,0.7935532956821287,0.008704725547006749,0.9981124962044977,0.5701748837941794
random,60,0,i_l_mean,1.4475864830854208,0.03835706651909117,0.9004224125263873,0.7039866847848694
random,60,0,v_out_ripple,0.06303614476152772,0.04638885763956387,0.7973568129532718,0.025251580441273826
random,60,0,i_l_ripple,0.07949348875215662,0.013186020172250908,0.9925561224913519,0.025466519195607048
random,60,0,efficiency,0.22041838299240277,0.09451112225542724,0.2694143048535138,0.13756595623319798
random,60,1,v_out_mean,0.9026793113730794,0.009901761740790741,0.9975576797397195,0.5510481480613842
random,60,1,i_l_mean,1.6239990947624092,0.04303151627388454,0.8746731490601142,0.6998862177028401
random,60,1,v_out_ripple,0.06488469462281461,0.04774922186677483,0.7852974271697146,0.02666265554349004
random,60,1,i_l_ripple,0.1078354809728445,0.01788726158221016,0.9863019274290308,0.030803987092255493
random,60,1,efficiency,0.21109710761712064,0.09051434038719189,0.3298992469842258,0.12562391968979514
random,60,2,v_out_mean,2.2573096429345103,0.024761110593670272,0.9847272266085935,0.8311976057185324
random,60,2,i_l_mean,1.735752812407199,0.04599268289953615,0.8568312223801559,0.6391575730122463
random,60,2,v_out_ripple,0.08889504183477835,0.06541864919146217,0.5969974482310707,0.0401154789524969
random,60,2,i_l_ripple,0.092368763316319,0.015321712450842824,0.9899495302344243,0.030785732208246718
random,60,2,efficiency,0.25572026796233016,0.10964788499247552,0.01665516254681665,0.15444580044521347
random,60,3,v_out_mean,0.9670877193439064,0.010608277002407487,0.9971967142387286,0.5328082766056852
random,60,3,i_l_mean,1.2338218977851194,0.03269289203722309,0.92766016574924,0.6015199594743554
random,60,3,v_out_ripple,0.061851252741947305,0.04551688510027689,0.8049033917101162,0.04038572086323518
random,60,3,i_l_ripple,0.060383993271864715,0.010016223540601242,0.9957048358760833,0.027999900465174796
random,60,3,efficiency,0.36623024858153325,0.15703241865501666,-1.0168981327430675,0.2280241029918882
random,60,4,v_out_mean,4.325289805259491,0.04744540898628146,0.9439254163684402,1.8951101768474805
random,60,4,i_l_mean,2.1059508645896727,0.055801914664767555,0.7892492979494661,0.9705133352919666
random,60,4,v_out_ripple,0.06791015148368529,0.04997568238628345,0.7648082318009203,0.02138561392457943
random,60,4,i_l_ripple,0.1077617933215728,0.017875038608085276,0.9863206417504058,0.03451104774207421
random,60,4,efficiency,0.5428659789824108,0.23277038970786407,-3.4316024272365775,0.3229782496489034
random,60,5,v_out_mean,1.7523620524497827,0.01922218811082222,0.9907958579172933,0.9768620462815363
random,60,5,i_l_mean,1.8306950828771626,0.04850839234172983,0.8407407772555356,1.0392019443095595
random,60,5,v_out_ripple,0.13605104916364497,0.10012117294358272,0.056033658507998685,0.06340035496255174
random,60,5,i_l_ripple,0.14133216380180527,0.023443539743095185,0.9764702063028291,0.03588577215203671
random,60,5,efficiency,0.20240297228213674,0.08678646398961294,0.3839594328388659,0.12682284446788536
random,60,6,v_out_mean,1.8694600359063838,0.02050667122448816,0.9895246629538168,0.9205286908172061
random,60,6,i_l_mean,1.514839362425383,0.04013908313542836,0.8909550080354073,0.7551272633746343
random,60,6,v_out_ripple,0.11185769170313012,0.08231706675490812,0.36190634713916037,0.05765912127996356
random,60,6,i_l_ripple,0.10237850307739009,0.016982082784065676,0.9876532215927892,0.03968295511512936
random,60,6,efficiency,0.19843680110333708,0.0850858468084298,0.4078660321526558,0.13063123602412754
random,60,7,v_out_mean,1.9747814524545337,0.021661973622275513,0.9883110981080975,0.9933520165500762
random,60,7,i_l_mean,1.2819293545713952,0.033967607531997845,0.9219090427267436,0.6358337045216518
random,60,7,v_out_ripple,0.04931257805732429,0.03628956326557014,0.8759867369783161,0.019934784251278728
random,60,7,i_l_ripple,0.13606574977368932,0.02256997081688199,0.9781911009844658,0.037714621265401906
random,60,7,efficiency,0.2286417143570309,0.09803712705320333,0.2138842890129038,0.1326585439993381
random,60,8,v_out_mean,1.7846375814521291,0.019576228127262934,0.9904536862717592,1.1306672057289522
random,60,8,i_l_mean,1.8534784720171196,0.04911208958744395,0.8367520809533455,0.9867937090909613
random,60,8,v_out_ripple,0.08495922140479444,0.06252224405259901,0.6318932627105229,0.04929122914595522
random,60,8,i_l_ripple,0.0740740818255161,0.012287073476388606,0.9935364865456446,0.025206807790940654
random,60,8,efficiency,0.2300145118175062,0.09862575594548312,0.2044160480754187,0.14215171501887355
random,60,9,v_out_mean,1.0289618007046382,0.011286992470730714,0.9968265318871965,0.5937045404664738
random,60,9,i_l_mean,1.817341619080665,0.04815456222167316,0.8430556423912559,0.9309085647388156
random,60,9,v_out_ripple,0.0664613652993179,0.04890950779215116,0.7747362881659194,0.024906485576073348
random,60,9,i_l_ripple,0.09322288293433709,0.015463389947823935,0.9897628006096458,0.02777778161822852
random,60,9,efficiency,0.24737890213039,0.1060712693072633,0.07976053146832907,0.15265100010727467
random,80,0,v_out_mean,1.0316653847951724,0.011316648900398902,0.9968098334840643,0.6530046932507064
random,80,0,i_l_mean,0.9311741139225694,0.024673556879624536,0.9587964770383473,0.5632663910316754
random,80,0,v_out_ripple,0.05125214197746012,0.037716905545374796,0.8660395000022896,0.016423686879179816
random,80,0,i_l_ripple,0.05542159799054968,0.00919308386829283,0.9963817864904522,0.01884289904774513
random,80,0,efficiency,0.24922013858407877,0.10686075574307355,0.06601090242386898,0.13730103803294158
random,80,1,v_out_mean,0.7589875699544346,0.008325563671642033,0.9982733474226791,0.42953651021226014
random,80,1,i_l_mean,1.1727176206237306,0.031073796493663725,0.9346479127167735,0.6487757584692869
random,80,1,v_out_ripple,0.07309896659907697,0.053794177419831696,0.7274945493214455,0.02582891064045139
random,80,1,i_l_ripple,0.17237472778246454,0.028592739775358932,0.9649987713291247,0.04033517917363329
random,80,1,efficiency,0.19879438504286154,0.08523917185766645,0.4057300536266447,0.1197852961733559
random,80,2,v_out_mean,1.0497905316778169,0.01151546910563412,0.9966967538520992,0.6176575924172485
random,80,2,i_l_mean,1.2243577044884364,0.03244211690490998,0.9287656938193766,0.7044902716000445
random,80,2,v_out_ripple,0.0764217783873465,0.05623946406596516,0.7021572738297077,0.03694890980927653
random,80,2,i_l_ripple,0.04142062984471008,0.006870666632616092,0.9979789851701795,0.01202309565381957
random,80,2,efficiency,0.24003504865483224,0.1029223675494716,0.1335871997510759,0.1494160972822082
random,80,3,v_out_mean,1.0517774321378994,0.011537264016307855,0.9966842381509603,0.6777008535677022
random,80,3,i_l_mean,0.8727721501367245,0.02312606521957218,0.9638028547119555,0.5621672416155933
random,80,3,v_out_ripple,0.04280352849648208,0.03149949600195379,0.9065645112661139,0.017820352971540908
random,80,3,i_l_ripple,0.14888793636585143,0.02469685710292423,0.9738870988782812,0.03597145134972193
random,80,3,efficiency,0.22169925226938073,0.09506033412780476,0.2608986473176327,0.14012980166786726
random,80,4,v_out_mean,1.1484753448568565,0.012597972598537854,0.9960465250900385,0.6857918665963919
random,80,4,i_l_mean,1.5851901021474482,0.04200318454471687,0.8805914937187974,0.8293955141922857
random,80,4,v_out_ripple,0.06360688423512159,0.046808869876828495,0.7936706721672908,0.02970859958151244
random,80,4,i_l_ripple,0.07032344657822365,0.011664935074792642,0.994174457187162,0.018651082470144843
random,80,4,efficiency,0.23577716856541092,0.10109667125219807,0.16405243640549505,0.14320130887862093
random,80,5,v_out_mean,0.9540943752264602,0.010465749090173237,0.9972715355138376,0.6119031330959576
random,80,5,i_l_mean,1.1020889836954286,0.029202331571556026,0.9422827162709243,0.7180804948151751
random,80,5,v_out_ripple,0.15688682251993047,0.11545440323061085,-0.2552367712868737,0.07013960222386655
random,80,5,i_l_ripple,0.07475274855450317,0.012399647642136444,0.9934175065648154,0.027074942657948346
random,80,5,efficiency,0.2004277420977304,0.08593952364413608,0.3959245190056987,0.1282131961727138
random,80,6,v_out_mean,1.1017246932390332,0.012085150594406338,0.9963618399443045,0.6098035936110291
random,80,6,i_l_mean,1.3596620218077489,0.036027309748570185,0.9121514706102012,0.6644424165142411
random,80,6,v_out_ripple,0.05457738215832557,0.04016397926714323,0.8480928835327146,0.022894071388938793
random,80,6,i_l_ripple,0.0820262349728018,0.013606140653574149,0.9920742264681716,0.02349249816508135
random,80,6,efficiency,0.3647731660629194,0.15640764996656428,-1.000881209520526,0.2264862193308586
random,80,7,v_out_mean,0.917059612041281,0.010059503597930319,0.9974792442368265,0.6687264679303908
random,80,7,i_l_mean,1.058234019656384,0.028040295456620346,0.9467847631304628,0.6821602473405963
random,80,7,v_out_ripple,0.053512571083363145,0.03938037535931652,0.8539625119308003,0.025245021376333603
random,80,7,i_l_ripple,0.05149728739602946,0.008542136986053777,0.996876044708153,0.02067237747919376
random,80,7,efficiency,0.23111576328430483,0.09909795118890871,0.19677970069069195,0.14183553599469048
random,80,8,v_out_mean,1.082702661026996,0.011876492183366947,0.996486386050239,0.4757014367654484
random,80,8,i_l_mean,0.9164888818505591,0.024284438557495833,0.9600858428097283,0.46861947605544535
random,80,8,v_out_ripple,0.04472298474851784,0.0329120408705829,0.8979966867077827,0.015012044483618531
random,80,8,i_l_ripple,0.07081378063766845,0.0117462694696025,0.9940929361407984,0.022051001263519797
random,80,8,efficiency,0.21615593707862663,0.0926834682213355,0.2973971976036571,0.133643235642181
random,80,9,v_out_mean,0.7902154931930085,0.008668112184355497,0.9981283410514507,0.5465865901151896
random,80,9,i_l_mean,1.4541536324298046,0.038531077942371685,0.8995168718398632,0.7173303226048661
random,80,9,v_out_ripple,0.056926655226941826,0.04189283014069813,0.8347337955036377,0.0268140561489464
random,80,9,i_l_ripple,0.05200964479373398,0.008627124512549152,0.9968135736947245,0.017013928736887063
random,80,9,efficiency,0.22019964794616617,0.09441733291528348,0.27086359779819613,0.1324269075267797
random,100,0,v_out_mean,0.8425779290136062,0.009242491542706288,0.9978720775725983,0.4882973682835869
random,100,0,i_l_mean,0.8584102203118938,0.022745513519158825,0.9649843396320652,0.4489161918561119
random,100,0,v_out_ripple,0.05211417309351862,0.03835128188414033,0.8614953286910669,0.015097955289385023
random,100,0,i_l_ripple,0.08941429980864539,0.01483163941439798,0.9905821869910832,0.023891751434077266
random,100,0,efficiency,0.21829453822544706,0.09360045886294505,0.2834256146878543,0.1326375007909822
random,100,1,v_out_mean,1.1588186163384715,0.012711431064397097,0.9959749937291545,0.5674584959027599
random,100,1,i_l_mean,1.4449365317732568,0.0382868500864699,0.900786652226374,0.578263076383135
random,100,1,v_out_ripple,0.06370141209070618,0.046878433763583874,0.793056953644713,0.019360718164241304
random,100,1,i_l_ripple,0.0725285338828343,0.012030704977920482,0.99380339375451,0.02117829500595046
random,100,1,efficiency,0.16358841511270344,0.07014353562706788,0.5975790053765846,0.10011976944290431
random,100,2,v_out_mean,0.6696978254450974,0.007346117521843077,0.9986557086261245,0.4309613321861673
random,100,2,i_l_mean,0.7194010820542845,0.019062153094609995,0.9754068173550889,0.4723476830145641
random,100,2,v_out_ripple,0.0335515514285217,0.024690884074403514,0.9425912709409114,0.019922429270124872
random,100,2,i_l_ripple,0.03813082501188438,0.006324968694717608,0.9982872715685734,0.009626320418429956
random,100,2,efficiency,0.20744039652897722,0.08894641368338238,0.35291369532289485,0.12289654414551729
random,100,3,v_out_mean,0.8958178240078559,0.009826496015497288,0.9975946679785105,0.435562714240139
random,100,3,i_l_mean,1.557193762910983,0.04126135843696316,0.8847720400915084,0.6786943607280835
random,100,3,v_out_ripple,0.038975315352884565,0.028682280018900254,0.9225302785661801,0.017855045248705362
random,100,3,i_l_ripple,0.02583737642145073,0.004285787075637016,0.9992136191515334,0.01256753204490499
random,100,3,efficiency,0.18650391215634235,0.07996925575636347,0.47694009254646275,0.1089726015402911
random,100,4,v_out_mean,0.5186968908277667,0.0056897427070229665,0.9991935769665036,0.3512598223308058
random,100,4,i_l_mean,0.8432279039000891,0.02234322382709134,0.9662119987877991,0.5600198993588519
random,100,4,v_out_ripple,0.04708717453967847,0.03465186909246991,0.8869272429685563,0.018168215306702047
random,100,4,i_l_ripple,0.09107190377253147,0.015106595258562158,0.9902297667128033,0.020305171517590887
random,100,4,efficiency,0.1546899503917014,0.06632804675669894,0.6401680347580261,0.09786343245863431
random,100,5,v_out_mean,0.873773609997409,0.009584686380398394,0.9977115918697498,0.42315323915033126
random,100,5,i_l_mean,0.8627271789073641,0.022859901066943657,0.9646312654296859,0.5074477331457607
random,100,5,v_out_ripple,0.04899504935117463,0.03605589107635591,0.8775786631668323,0.016082358237184638
random,100,5,i_l_ripple,0.053973403253711014,0.008952863879045167,0.996568407504792,0.020685291596879138
random,100,5,efficiency,0.21167321012086257,0.09076136195328643,0.32623672878489696,0.12132885154525293
random,100,6,v_out_mean,0.7633695279340783,0.008373630690932183,0.9982533524700583,0.4835318906648345
random,100,6,i_l_mean,0.9480462677609643,0.02512062262295772,0.9572897978049841,0.507160394707857
random,100,6,v_out_ripple,0.048768993668686846,0.035889534696009175,0.8787057238522699,0.027777762459585523
random,100,6,i_l_ripple,0.05708104608655647,0.009468345608747706,0.9961618676150832,0.01874446121995845
random,100,6,efficiency,0.21030964182493553,0.09017669034754097,0.3348893409599192,0.11533832652243718
random,100,7,v_out_mean,1.0118553540212818,0.011099346695363953,0.9969311723227483,0.5245654172259702
random,100,7,i_l_mean,1.193005437981976,0.03161136794036496,0.93236719366113,0.6436676107589704
random,100,7,v_out_ripple,0.03763364617297464,0.027694933777760562,0.9277720458702207,0.018031998145024507
random,100,7,i_l_ripple,0.026040440286219088,0.004319470390574154,0.9992012097613193,0.007841315640734378
random,100,7,efficiency,0.2097305657437996,0.0899283937692047,0.33854698999924915,0.11026217488011072
random,100,8,v_out_mean,0.9701954199436718,0.010642366308003493,0.9971786687809135,0.43952400389970664
random,100,8,i_l_mean,0.9296906606963703,0.024634249442908217,0.9589276551074972,0.5406926675119162
random,100,8,v_out_ripple,0.04062352383416763,0.029895211248876525,0.9158395779436609,0.017532257321869082
random,100,8,i_l_ripple,0.05884474220879195,0.009760899540026598,0.9959210213471189,0.014654937738895297
random,100,8,efficiency,0.22755237802292708,0.09757004078729367,0.22135715487645058,0.12435314304791864
random,100,9,v_out_mean,0.801551177194262,0.00879245672259308,0.9980742578026411,0.48448847325512584
random,100,9,i_l_mean,1.45225506989451,0.038480771248914775,0.8997790848001409,0.660076103095294
random,100,9,v_out_ripple,0.03251865229418964,0.023930764446532454,0.9460715677082273,0.013232867949510141
random,100,9,i_l_ripple,0.04909587230436375,0.008143801118076253,0.9971606033561428,0.013193611575976597
random,100,9,efficiency,0.23659159854860703,0.10144588301332866,0.15826734175778379,0.12443435696213906
random,150,0,v_out_mean,0.6800513757123228,0.007459688738803199,0.9986138217463905,0.39646157724383696
random,150,0,i_l_mean,0.7723171891849157,0.020464284618258107,0.9716558156811378,0.49569467971058095
random,150,0,v_out_ripple,0.036644602834934634,0.026967088019088804,0.9315185800420897,0.017854776191994392
random,150,0,i_l_ripple,0.02381168393171005,0.00394977437256172,0.9993320924976735,0.007918453327292256
random,150,0,efficiency,0.22520356281975454,0.09656291444053113,0.2373486307549112,0.13802099345242877
random,150,1,v_out_mean,0.6196802817003403,0.006797459992219613,0.9988490114893278,0.352264782024006
random,150,1,i_l_mean,0.9963725083962811,0.026401135288919846,0.9528245519089844,0.5068655659581418
random,150,1,v_out_ripple,0.03351624574498319,0.024664902308961935,0.9427120276823049,0.010358765781140122
random,150,1,i_l_ripple,0.034894209690859435,0.005788093592331396,0.9985656906273055,0.008633001966463888
random,150,1,efficiency,0.17966757108407103,0.07703796546156305,0.5145830538812499,0.09394211787629018
random,150,2,v_out_mean,0.5994097531625499,0.0065751064482619135,0.9989230804905198,0.3206059417645051
random,150,2,i_l_mean,0.589556846199372,0.015621637415579887,0.9834832750869776,0.34592145516640965
random,150,2,v_out_ripple,0.03301064334991921,0.024292825025118266,0.9444274026055186,0.00991276276221516
random,150,2,i_l_ripple,0.03645039522557585,0.00604622660642658,0.998434905423148,0.009194383217706523
random,150,2,efficiency,0.1633588954878384,0.07004512206903726,0.5987074315089638,0.08640351828191394
random,150,3,v_out_mean,0.6344098849654236,0.006959033454942909,0.9987936439214989,0.33382791593696415
random,150,3,i_l_mean,0.8132058454045561,0.021547721721891556,0.9685751259880917,0.4081820410757275
random,150,3,v_out_ripple,0.041826419011553775,0.0307804324715605,0.9107816706907652,0.010855894924230449
random,150,3,i_l_ripple,0.03182636467652421,0.005279213344661222,0.9988068084398978,0.00797151144790606
random,150,3,efficiency,0.1599628416910985,0.06858896014999824,0.6152188735809028,0.08991499410435826
random,150,4,v_out_mean,0.6873395529557201,0.00753963495411969,0.9985839509188393,0.40375014656433467
random,150,4,i_l_mean,0.9119276174905032,0.02416357757784858,0.9604821508989687,0.5273430848306954
random,150,4,v_out_ripple,0.026815963530358027,0.019734105240470406,0.9633275832489989,0.013449985449662884
random,150,4,i_l_ripple,0.021739016547609548,0.003605969686591458,0.9994433068345103,0.006133135906232279
random,150,4,efficiency,0.14780157349321513,0.0633744445101171,0.6715012997590453,0.09195594997031187
random,150,5,v_out_mean,0.5485053796627838,0.00601672101546386,0.9990982266070587,0.3401071704185094
random,150,5,i_l_mean,0.8556508366488798,0.022672397429757154,0.9652090954478798,0.4938287737998243
random,150,5,v_out_ripple,0.03029740587940533,0.022296129522273743,0.9531873088152252,0.010453732588559821
random,150,5,i_l_ripple,0.02438379752994632,0.004044673987178997,0.9992996118487912,0.007368241032570007
random,150,5,efficiency,0.18605440487486857,0.07977651576318634,0.47945838714889877,0.11418705873143524
random,150,6,v_out_mean,0.5709339761104856,0.006262747057500511,0.9990229710972143,0.31904588710075493
random,150,6,i_l_mean,0.7492874006037833,0.019854058464001473,0.9733210077066006,0.4417911388580454
random,150,6,v_out_ripple,0.024704166410743175,0.018180015022611084,0.9688761633706354,0.011992715911819182
random,150,6,i_l_ripple,0.03298833541483838,0.005471955792319368,0.998718091856019,0.007191825537204338
random,150,6,efficiency,0.2018727958691934,0.08655913463940008,0.38718253190138474,0.11771703353363565
random,150,7,v_out_mean,0.5731813765351103,0.006287399470888535,0.9990152640875024,0.3329523680259462
random,150,7,i_l_mean,1.0544431800246366,0.027939848616575096,0.9471653388870754,0.5018186655488244
random,150,7,v_out_ripple,0.038332767352090694,0.02820942325000716,0.9250635585871335,0.013640086365419387
random,150,7,i_l_ripple,0.016206116173471004,0.0026881972112644628,0.9996906187435254,0.005637921624528848
random,150,7,efficiency,0.20092568237500505,0.08615303076537754,0.3929192747890502,0.12762027435910445
random,150,8,v_out_mean,0.5278399259678903,0.005790035418293231,0.9991648968748735,0.3627744600171053
random,150,8,i_l_mean,0.7561438926445728,0.02003573667415969,0.9728305116983401,0.4355250581849439
random,150,8,v_out_ripple,0.04433562676003259,0.0326269806935786,0.8997559917826827,0.013120394004055139
random,150,8,i_l_ripple,0.06825663871669348,0.011322102339909507,0.9945118509364366,0.015515570149949766
random,150,8,efficiency,0.19040444975456078,0.08164173053275188,0.4548327886375638,0.09869609122659177
random,150,9,v_out_mean,0.574791084854034,0.00630505684715199,0.9990097253052399,0.39664540195380527
random,150,9,i_l_mean,1.0485679390171914,0.027784170864142692,0.9477524763840622,0.6505588084165369
random,150,9,v_out_ripple,0.02702800615628087,0.019890149288288785,0.9627453286015354,0.014013216922858679
random,150,9,i_l_ripple,0.03420988423643181,0.005674580782815628,0.998621396704256,0.0076868643518961
random,150,9,efficiency,0.19763130787952105,0.08474046695617574,0.41266344734948424,0.10484120716672744
random,200,0,v_out_mean,0.7141739534007053,0.007833989589609276,0.9984712247315746,0.319328985108931
random,200,0,i_l_mean,0.7343377004792141,0.019457932464747633,0.9743749800510677,0.36402278827428064
random,200,0,v_out_ripple,0.03269808314647825,0.024062809201084796,0.9454747950815975,0.012399757252941884
random,200,0,i_l_ripple,0.020349107612327038,0.0033754178823378078,0.9995122167980446,0.004912669368397586
random,200,0,efficiency,0.1711098917298418,0.07336859873865147,0.5597232283029755,0.09771536675760083
random,200,1,v_out_mean,0.605539992085245,0.0066423508887424616,0.9989009402685948,0.29910365577602965
random,200,1,i_l_mean,1.0515759944027414,0.02786387607130291,0.9474522786220214,0.42838188931230986
random,200,1,v_out_ripple,0.029314175777626194,0.021572561775690936,0.9561763956368684,0.007115918234012996
random,200,1,i_l_ripple,0.018662750939455738,0.0030956926689254373,0.9995897133142562,0.005534262134098178
random,200,1,efficiency,0.1514992571301687,0.06495993944719801,0.6548590048387035,0.08349838280735504
random,200,2,v_out_mean,0.5686175284827595,0.006237337244507374,0.9990308832028861,0.324555854455921
random,200,2,i_l_mean,0.8981581603809408,0.023798724777373728,0.9616665240002369,0.38833015095589063
random,200,2,v_out_ripple,0.0208719499549655,0.015359852966641526,0.9777833400208089,0.007711855272653268
random,200,2,i_l_ripple,0.023204745797884396,0.003849098221576759,0.999365707270102,0.005069861569005769
random,200,2,efficiency,0.21679971262184158,0.09295950667259271,0.2932058524550334,0.12677942444458415
random,200,3,v_out_mean,0.5399273242178491,0.005922625736947023,0.9991262116556797,0.3048979410934882
random,200,3,i_l_mean,0.46183158286542625,0.012237268689349181,0.9898646250348007,0.2942891661876154
random,200,3,v_out_ripple,0.02835527617902956,0.02086689906204918,0.9589965422040118,0.00970735202566033
random,200,3,i_l_ripple,0.016533781043398116,0.0027425487770646197,0.9996779817635705,0.0050922273872748315
random,200,3,efficiency,0.14895788808177993,0.0638702497508685,0.6663412235024313,0.08066866214067042
random,200,4,v_out_mean,0.6118649111928055,0.006711730834913571,0.998877860807894,0.3424500394332797
random,200,4,i_l_mean,0.5702439381283956,0.015109898387748814,0.9845476720656261,0.3478627977784897
random,200,4,v_out_ripple,0.027895411121138414,0.02052848029001568,0.9603157431791322,0.011356052707898301
random,200,4,i_l_ripple,0.015695565050408325,0.0026035093014325117,0.9997098049410007,0.004323874297032362
random,200,4,efficiency,0.14794944174633307,0.06343784754555544,0.6708436771637097,0.07747312220652028
random,200,5,v_out_mean,0.6616576846309332,0.007257922791221454,0.9986877929823348,0.3220037315584613
random,200,5,i_l_mean,0.7778699643411351,0.02061141791117108,0.9712467747356325,0.4031186981733604
random,200,5,v_out_ripple,0.018857153127890512,0.013877146123806973,0.9818655255382746,0.007335948858160653
random,200,5,i_l_ripple,0.020904878251400447,0.003467606600848013,0.9994852084750768,0.004426888748449263
random,200,5,efficiency,0.17046820745931887,0.07309345698451353,0.5630192263939423,0.09652858845874225
random,200,6,v_out_mean,0.5802594710750748,0.006365041225640743,0.9989907933352173,0.314001426703813
random,200,6,i_l_mean,0.586648422559608,0.015544572176079761,0.9836458349587966,0.29985125222406767
random,200,6,v_out_ripple,0.020440260253261025,0.01504216868895301,0.978692840301636,0.007478582473290563
random,200,6,i_l_ripple,0.0184935859657097,0.003067632348624134,0.9995971175364153,0.004748925772485409
random,200,6,efficiency,0.1640531194905298,0.07034279184004397,0.5952894494541507,0.08822419398544332
random,200,7,v_out_mean,0.5909501864996398,0.006482310908947895,0.9989532634662238,0.3706447972334711
random,200,7,i_l_mean,0.5275034851333001,0.013977393754868636,0.9867772061132387,0.31150656326419157
random,200,7,v_out_ripple,0.02488835022646975,0.01831555752508446,0.9684103410094586,0.012591894766737118
random,200,7,i_l_ripple,0.014941965976956038,0.002478505697485618,0.9997370025185136,0.004203897014103777
random,200,7,efficiency,0.16685091815045913,0.07154243357411733,0.581367691954489,0.09038120071542223
random,200,8,v_out_mean,0.5516088516963767,0.006050763936641594,0.9990879931763479,0.3106904911855144
random,200,8,i_l_mean,0.945648976650486,0.02505710099183952,0.9575055242691249,0.43104449599633227
random,200,8,v_out_ripple,0.01985760719152339,0.014613389136579443,0.9798902556363779,0.00806101021955279
random,200,8,i_l_ripple,0.013584869494902329,0.0022533966744832093,0.9997826062547673,0.0047424161657035205
random,200,8,efficiency,0.2046569380704332,0.08775292074918631,0.37016254312184727,0.1181209926318057
random,200,9,v_out_mean,0.5457300916521814,0.005986278043860515,0.9991073289770117,0.32478325157431537
random,200,9,i_l_mean,0.5013918934373462,0.013285508281148065,0.9880538716191387,0.3143293481274599
random,200,9,v_out_ripple,0.02882310064617694,0.021211175233901137,0.9576323754133765,0.010970700459590305
random,200,9,i_l_ripple,0.019451526004501313,0.003226531107171454,0.9995542991529026,0.0031233314055486012
random,200,9,efficiency,0.19822214192614374,0.08499380512178124,0.40914642208610486,0.11484688645836391
lhs,20,0,v_out_mean,2.0990988529208208,0.02302564869950666,0.9867930839593976,1.3140488823512064
lhs,20,0,i_l_mean,2.1732523735712452,0.05758521983306336,0.7755638103017584,1.270525418679433
lhs,20,0,v_out_ripple,0.1840084568990782,0.13541345435796429,-0.7267453112884976,0.09944945816726845
lhs,20,0,i_l_ripple,0.18859005274135143,0.0312824644982745,0.9581038932757033,0.0935372821654975
lhs,20,0,efficiency,0.32024172096675313,0.13731343107902405,-0.5421668462648987,0.20894343256772974
lhs,20,1,v_out_mean,2.829604638942061,0.031038787089095656,0.9760013312133902,1.689008071928845
lhs,20,1,i_l_mean,2.295840761707473,0.06083347547315972,0.7495297862432702,1.3118465014950202
lhs,20,1,v_out_ripple,0.22859475606562735,0.16822490709728832,-1.6649265632301895,0.1435674592367731
lhs,20,1,i_l_ripple,0.32144046822174166,0.05331909021334371,0.8782869326885097,0.16278892583098808
lhs,20,1,efficiency,0.301108639325592,0.12910953722243415,-0.36339586682338787,0.2029580082993744
lhs,20,2,v_out_mean,2.8211281337191068,0.030945805745605477,0.976144899077043,1.5226575927940795
lhs,20,2,i_l_mean,2.8266604535721513,0.07489873959962468,0.6203181406920396,1.4433573037066671
lhs,20,2,v_out_ripple,0.11746336737839687,0.08644233316923718,0.2963485088042973,0.04860544110027458
lhs,20,2,i_l_ripple,0.3249417913411052,0.053899873847402587,0.8756209475561693,0.10945690025753993
lhs,20,2,efficiency,0.26112002044914573,0.11196319399938381,-0.02531162764486261,0.16185106897395635
lhs,20,3,v_out_mean,2.4523618467723844,0.026900697072594838,0.9819737771373025,1.512508456546508
lhs,20,3,i_l_mean,1.5090258601673598,0.03998504129031207,0.8917903664227096,0.9557401326468551
lhs,20,3,v_out_ripple,0.10218029230580811,0.07519538276452614,0.46753998482459336,0.05451319320918265
lhs,20,3,i_l_ripple,0.28910686951849407,0.04795573918378002,0.9015415656402601,0.1026059560659785
lhs,20,3,efficiency,0.3930403174382534,0.16852805554788525,-1.3230028582338225,0.25107181838673975
lhs,20,4,v_out_mean,2.8240543229339012,0.030977903998050515,0.97609538644395,1.6817741047110655
lhs,20,4,i_l_mean,2.558426861262621,0.0677912860118142,0.6889583307047695,1.0040020033294754
lhs,20,4,v_out_ripple,0.11851790687106574,0.08721837812861373,0.2836575887173941,0.06085838299083602
lhs,20,4,i_l_ripple,0.3315512932229415,0.054996228108745285,0.8705096049808025,0.14981983631294526
lhs,20,4,efficiency,0.2708569386637537,0.1161381954456272,-0.10320309496677038,0.17156982876981883
lhs,20,5,v_out_mean,1.9259925513108809,0.021126793444074022,0.9888815348106172,1.257600171327866
lhs,20,5,i_l_mean,1.8036281026937366,0.047791191696726756,0.8454152852994081,1.1475000629989833
lhs,20,5,v_out_ripple,0.24690907744583784,0.18170257852668578,-2.109043741923555,0.13473627688826942
lhs,20,5,i_l_ripple,0.30026122620352064,0.04980597339246862,0.8937975315944109,0.12974640921845731
lhs,20,5,efficiency,0.2786280613953126,0.11947030196312038,-0.16741494013344438,0.19620748961996332
lhs,20,6,v_out_mean,3.921170935575993,0.04301250716594736,0.9539141943367269,1.9463339117466454
lhs,20,6,i_l_mean,2.180695057707398,0.0577824305239801,0.7740239357882466,1.4292605946465284
lhs,20,6,v_out_ripple,0.23934549342167244,0.17613647000483296,-1.9214820889994253,0.12087592911747719
lhs,20,6,i_l_ripple,0.19547109195446571,0.03242386014330729,0.9549908116506761,0.11472118695256599
lhs,20,6,efficiency,0.26947750633155626,0.11554672164919755,-0.09199482468693598,0.17470468667526318
lhs,20,7,v_out_mean,1.6981306841568653,0.01862730786825111,0.9913567345076462,0.9699382815188364
lhs,20,7,i_l_mean,5.202748824494871,0.13785855634540153,-0.2862881872480898,3.059529137365271
lhs,20,7,v_out_ripple,0.10708930308027147,0.07880796730358967,0.41514944918682906,0.05220689293167067
lhs,20,7,i_l_ripple,0.3725618415453291,0.06179887227423239,0.836494319118193,0.14146220103880874
lhs,20,7,efficiency,0.28627124250903335,0.12274754959942182,-0.23234125158972319,0.1996981538085483
lhs,20,8,v_out_mean,6.3823222712356324,0.07000961879428574,0.8779063452801175,2.996879767073179
lhs,20,8,i_l_mean,2.5034219711069197,0.0663338074741032,0.7021890371798807,1.225300488736854
lhs,20,8,v_out_ripple,0.10699120596354492,0.07873577676592443,0.41622044085018395,0.04765214287522001
lhs,20,8,i_l_ripple,0.3341286315903611,0.05542374533357697,0.8684885738549809,0.12236193913899354
lhs,20,8,efficiency,0.2779745991012389,0.1191901100212049,-0.16194551916412592,0.15902942493084973
lhs,20,9,v_out_mean,2.2283411326769005,0.024443346263699987,0.9851167084863128,1.19729841490888
lhs,20,9,i_l_mean,2.385186449311316,0.06320089083843038,0.7296556930052222,1.2163473140060166
lhs,20,9,v_out_ripple,0.11390181176343603,0.08382135282497852,0.33837183715387564,0.053706527835156274
lhs,20,9,i_l_ripple,0.35097815417969735,0.058218667889416584,0.8548903566928038,0.11289156207880728
lhs,20,9,efficiency,0.28456163546570623,0.12201450329862303,-0.21766616008954376,0.18564202465528487
lhs,40,0,v_out_mean,1.7524601553306252,0.019223264230923732,0.9907948273333135,1.0656559532432428
lhs,40,0,i_l_mean,2.5543941722643595,0.0676844308277098,0.6899381091554992,1.2353404980001956
lhs,40,0,v_out_ripple,0.09957416419578044,0.07327750998940802,0.4943546029157432,0.050988199349273386
lhs,40,0,i_l_ripple,0.09238319016919795,0.015324105511910718,0.9899463904723056,0.049849318905247464
lhs,40,0,efficiency,0.25279779839251654,0.10839478679326614,0.039002815844159766,0.15712032744311957
lhs,40,1,v_out_mean,1.5694029487951717,0.017215254496778364,0.9926174811779395,0.8917111053260361
lhs,40,1,i_l_mean,1.6172745230901915,0.04285333359122099,0.8757088941492601,1.0120266878752242
lhs,40,1,v_out_ripple,0.06706284994509432,0.04935214567412923,0.7706405017769553,0.03722837128044092
lhs,40,1,i_l_ripple,0.14146935594322502,0.023466296554660912,0.976424503053564,0.05005515984899282
lhs,40,1,efficiency,0.2024558178306605,0.08680912313459613,0.38363770582841084,0.14409833406363862
lhs,40,2,v_out_mean,1.6185386353741842,0.017754238669059307,0.9921479731548728,0.8857837200064449
lhs,40,2,i_l_mean,1.6335931883002677,0.04328573340586386,0.8731879890814312,0.9434753605306104
lhs,40,2,v_out_ripple,0.1024483783489386,0.0753926696597984,0.46474233466213055,0.043578091866054616
lhs,40,2,i_l_ripple,0.1957928400012672,0.03247723025326352,0.9548425182456107,0.06451286670076085
lhs,40,2,efficiency,0.312035599170848,0.1337948054101185,-0.4641441233289003,0.20104402761399354
lhs,40,3,v_out_mean,2.0779661795893913,0.022793838029164074,0.9870576665783201,0.8336786149754895
lhs,40,3,i_l_mean,1.8632337505998202,0.049370577680474065,0.8350291369069411,0.8825996269430412
lhs,40,3,v_out_ripple,0.12466704234993553,0.0917435814292727,0.20739641709389034,0.06657801476037704
lhs,40,3,i_l_ripple,0.16283315907594714,0.027010027537991654,0.9687664175267066,0.05970350628428834
lhs,40,3,efficiency,0.5055076283552392,0.21675185443212241,-2.842651224041461,0.30298957221121103
lhs,40,4,v_out_mean,2.0895172307698653,0.02292054499497539,0.9869133783096984,1.3094694792970198
lhs,40,4,i_l_mean,2.579600008238676,0.0683523162621437,0.683788761601323,1.5550381516294993
lhs,40,4,v_out_ripple,0.08084904632504876,0.05949752978161503,0.6666484171401911,0.03172899451384559
lhs,40,4,i_l_ripple,0.21659980713588334,0.035928595801148926,0.9447347378496854,0.0636301081450639
lhs,40,4,efficiency,0.23118950189727697,0.09912956887419859,0.1962670762077261,0.148084892568334
lhs,40,5,v_out_mean,1.3536005025358426,0.014848052347557376,0.9945081755256178,0.9011771074305261
lhs,40,5,i_l_mean,1.8020656916485798,0.04774979209463769,0.8456829904362088,0.8984719045514874
lhs,40,5,v_out_ripple,0.08032166949087612,0.05910942849503747,0.6709831256895328,0.04436561017262557
lhs,40,5,i_l_ripple,0.22341456269221957,0.0370589966131572,0.9412024731151927,0.06586160960171326
lhs,40,5,efficiency,0.20013012626388055,0.0858119117540738,0.39771717451671385,0.12660767697813113
lhs,40,6,v_out_mean,3.7177900082402644,0.04078156040586687,0.95857091456982,1.4412110195379217
lhs,40,6,i_l_mean,7.251378642567575,0.1921416206893862,-1.498697762828257,3.810069145928969
lhs,40,6,v_out_ripple,0.1370308825012958,0.1008422409813369,0.04238789323003489,0.07308862093344383
lhs,40,6,i_l_ripple,0.0926423773168213,0.015367098303026041,0.9898898992059411,0.03755609075995427
lhs,40,6,efficiency,0.2652916639930674,0.11375191374060084,-0.05833399868857958,0.16397461963839238
lhs,40,7,v_out_mean,1.8932157150241573,0.020767254436766584,0.9892567461958288,0.7946900375230759
lhs,40,7,i_l_mean,2.3025837230735147,0.06101214543220883,0.7480563467983199,0.8647116581780944
lhs,40,7,v_out_ripple,0.13897663146156022,0.10227413488699218,0.01499988616966752,0.06871800934706804
lhs,40,7,i_l_ripple,0.15529598178082327,0.025759794677219915,0.9715909611535185,0.04578555180814444
lhs,40,7,efficiency,0.2857113196320957,0.12250746554310382,-0.22752525089232578,0.17590060402888144
lhs,40,8,v_out_mean,2.2692561379998337,0.02489215530277569,0.9845651408050501,1.140938938062991
lhs,40,8,i_l_mean,1.8022227892656506,0.0477539547500772,0.8456560836577378,0.8072740280335907
lhs,40,8,v_out_ripple,0.15279817504832344,0.11244553131726218,-0.19066353509442657,0.07037358940466346
lhs,40,8,i_l_ripple,0.13513933292577876,0.02241630098258213,0.9784870659958216,0.04172725237457586
lhs,40,8,efficiency,0.21403030768366596,0.09177203961502102,0.3111477329662157,0.13531306025223308
lhs,40,9,v_out_mean,1.7926761090862668,0.019664405162426086,0.9903674938331892,0.950273252516968
lhs,40,9,i_l_mean,1.977302307971817,0.05239308120201065,0.8142115513690582,0.951360806582904
lhs,40,9,v_out_ripple,0.08523302676672363,0.0627237398452674,0.629516781184444,0.02849483630254819
lhs,40,9,i_l_ripple,0.16481312917414312,0.027338456017670845,0.9680022299252711,0.050000224637751126
lhs,40,9,efficiency,0.4261389916637204,0.1827201243025294,-1.730725766245988,0.2739781144937794
lhs,60,0,v_out_mean,1.0809007350520228,0.011856726313634552,0.9964980716292047,0.5801511373180674
lhs,60,0,i_l_mean,1.7151358402409977,0.04544638975433097,0.8602120917655105,0.7285434859787994
lhs,60,0,v_out_ripple,0.071079763985939,0.052308228319983496,0.7423413820581253,0.042443992334660625
lhs,60,0,i_l_ripple,0.1283514816048525,0.021290362923390517,0.9805939173921613,0.03095708710558644
lhs,60,0,efficiency,0.30844674505689235,0.13225597445910547,-0.43065831605721083,0.17795214249761557
lhs,60,1,v_out_mean,0.9833515902487087,0.01078668030982058,0.9971016336211443,0.5205123156797161
lhs,60,1,i_l_mean,1.5096055943697102,0.040000402654640055,0.8917072069785363,0.741378367203351
lhs,60,1,v_out_ripple,0.06309760391235486,0.04643408597338972,0.7969614731177901,0.033224164656837696
lhs,60,1,i_l_ripple,0.11393983362826374,0.018899823975890583,0.9847071909722557,0.029029602384953022
lhs,60,1,efficiency,0.1915642873674215,0.0821390463779067,0.4481708512330531,0.12497256794037337
lhs,60,2,v_out_mean,1.049700259909689,0.011514478887370932,0.9966973219217105,0.5457406692676038
lhs,60,2,i_l_mean,1.677106007517661,0.044438703622605144,0.8663424207886428,0.7572349970294218
lhs,60,2,v_out_ripple,0.06615361083057808,0.04868302855087903,0.7768176599270753,0.032328142422197
lhs,60,2,i_l_ripple,0.04876995629158963,0.00808973964478631,0.9971981760971873,0.0202469336469154
lhs,60,2,efficiency,0.2733866365710005,0.11722288078328046,-0.12390629664502195,0.16819677748287634
lhs,60,3,v_out_mean,1.6363529812537254,0.01794964960431043,0.9919741762466328,0.9680813145726315
lhs,60,3,i_l_mean,2.445763588920836,0.06480601868446147,0.7157493201220446,1.314788696666714
lhs,60,3,v_out_ripple,0.05553130022410378,0.04086597602663098,0.8427363311270741,0.03546785380608037
lhs,60,3,i_l_ripple,0.09300424525695865,0.015427123319329184,0.9898107633572757,0.035884034867263416
lhs,60,3,efficiency,0.22534283668191124,0.09662263236802238,0.23640503781485522,0.14031443188280848
lhs,60,4,v_out_mean,1.1832134429363679,0.012979025278241265,0.9958037454541765,0.5589546846325151
lhs,60,4,i_l_mean,1.5737470700612148,0.041699975618659325,0.8823092227899406,0.7275920776846619
lhs,60,4,v_out_ripple,0.06024915107449774,0.044337884283260166,0.8148794709813052,0.02834558462502547
lhs,60,4,i_l_ripple,0.10651182563642084,0.01766769962510941,0.9866361448232792,0.03282969862956589
lhs,60,4,efficiency,0.20718044182852216,0.08883495015596675,0.354534476336264,0.12331331303180484
lhs,60,5,v_out_mean,1.09875094197491,0.012052530619490846,0.9963814535228136,0.6412348460071062
lhs,60,5,i_l_mean,1.0229571909556756,0.02710555637134539,0.9502735471233066,0.5705546427024762
lhs,60,5,v_out_ripple,0.05192966988535769,0.03821550433794363,0.8624743069020211,0.02028234012816314
lhs,60,5,i_l_ripple,0.1449448177137902,0.024042790425214757,0.9752519213188838,0.04688699140595014
lhs,60,5,efficiency,0.1947809360587634,0.08351828287167343,0.4294832000419583,0.13463512162908298
lhs,60,6,v_out_mean,1.2140515984651494,0.013317298311337558,0.9955821605954431,0.7073982089110566
lhs,60,6,i_l_mean,1.691823825420098,0.044828685379754735,0.8639862435691628,0.8349192782705532
lhs,60,6,v_out_ripple,0.07800070886647435,0.05740141300012227,0.6897228327062709,0.027176674255183705
lhs,60,6,i_l_ripple,0.13596893521176515,0.022553911655477214,0.9782221252185747,0.04468683719421178
lhs,60,6,efficiency,0.2573656624811182,0.1103533982097145,0.003960075225277637,0.15275099812168386
lhs,60,7,v_out_mean,1.2524828952742584,0.013738862802291234,0.9952980366302441,0.6197366921248783
lhs,60,7,i_l_mean,1.9094089367983749,0.05059409331096981,0.826751108896564,0.7533627362202303
lhs,60,7,v_out_ripple,0.05846972326527077,0.04302838758681102,0.8256528729042572,0.021930210543150613
lhs,60,7,i_l_ripple,0.07068929828142569,0.011725620899684729,0.9941136857438592,0.01971953154377802
lhs,60,7,efficiency,0.327705773440062,0.14051387183287048,-0.6148929027779519,0.22081144004555953
lhs,60,8,v_out_mean,1.6088113725157958,0.017647537387662598,0.9922420694130529,0.809647882047822
lhs,60,8,i_l_mean,2.2206951696160715,0.05884232364344461,0.7656578243933363,1.1050384239038455
lhs,60,8,v_out_ripple,0.08385612206773026,0.06171046347333049,0.6413901057249075,0.030536625293314433
lhs,60,8,i_l_ripple,0.09902099046376804,0.016425153785895295,0.9884497699206539,0.028561676022255927
lhs,60,8,efficiency,0.30641782405356677,0.1313860125331144,-0.4118988641114154,0.1577971615491952
lhs,60,9,v_out_mean,1.4835002269098332,0.01627296162014182,0.9934035409841322,0.7860259756957068
lhs,60,9,i_l_mean,1.0066009489183152,0.026672160873970903,0.9518510043323627,0.6664621316331563
lhs,60,9,v_out_ripple,0.06440162008589122,0.04739372303340844,0.7884825003936645,0.022747205339195782
lhs,60,9,i_l_ripple,0.1286235030322366,0.02133548460675196,0.9805115737509995,0.031035072476004802
lhs,60,9,efficiency,0.2343288572134293,0.10047566346966763,0.1742908647015885,0.1307868469789881
lhs,80,0,v_out_mean,0.6994743883888213,0.00767274562554906,0.9985335094500448,0.4381791434687757
lhs,80,0,i_l_mean,1.0206386719052116,0.027044121983498058,0.950498700386278,0.6362770568469172
lhs,80,0,v_out_ripple,0.05536669228656376,0.04074483958642237,0.8436672828858693,0.01608084486073739
lhs,80,0,i_l_ripple,0.1379357158814869,0.022880152332448896,0.9775875378234257,0.030794514943863104
lhs,80,0,efficiency,0.20311677985679,0.08709253081597755,0.3796066329143306,0.1257913137115872
lhs,80,1,v_out_mean,0.6934154077139911,0.0076062828382907986,0.9985588054562152,0.41416152732197226
lhs,80,1,i_l_mean,1.6262857268314483,0.04309210574429039,0.8743199738017946,0.7736621692982771
lhs,80,1,v_out_ripple,0.04454024750359687,0.03277756291238679,0.8988285508424959,0.02499413448953518
lhs,80,1,i_l_ripple,0.04137558955047347,0.006863195552434673,0.9979833780348967,0.01464241471553464
lhs,80,1,efficiency,0.22610220077043341,0.09694823294285816,0.23125001634249198,0.13099301425482052
lhs,80,2,v_out_mean,0.99311500982445,0.010893778205159856,0.9970437937832367,0.5310285601830718
lhs,80,2,i_l_mean,1.0630133521644496,0.028166934643343057,0.9463030027009978,0.5748452812614899
lhs,80,2,v_out_ripple,0.050173978880898445,0.03692347576650996,0.8716163247533324,0.0249117780786883
lhs,80,2,i_l_ripple,0.09326446123627546,0.015470286768389916,0.9897536667945391,0.03242712738530927
lhs,80,2,efficiency,0.1979366677771258,0.0848713993503918,0.410847059172041,0.11767207570636894
lhs,80,3,v_out_mean,0.790304324888497,0.008669086606027374,0.9981279202245132,0.49487223279307346
lhs,80,3,i_l_mean,1.2685417587118688,0.033612873006002505,0.923531583295372,0.6470302990528745
lhs,80,3,v_out_ripple,0.056963493219378054,0.04191993954583889,0.8345198343986348,0.021988546505253594
lhs,80,3,i_l_ripple,0.06083872013949498,0.01009165157557064,0.9956399020909639,0.01874615679272346
lhs,80,3,efficiency,0.18576413993929547,0.07965205579555579,0.48108132228541745,0.11035256077625771
lhs,80,4,v_out_mean,1.1550814711083108,0.012670437190721744,0.9960009128467582,0.6200632124562085
lhs,80,4,i_l_mean,1.0699353218668668,0.028350347831723237,0.9456014138794699,0.6303709758167098
lhs,80,4,v_out_ripple,0.10649882086363265,0.07837342620673202,0.4215813100724606,0.04735528984834998
lhs,80,4,i_l_ripple,0.05638665210602617,0.009353162677686403,0.9962546817872713,0.01868980044604605
lhs,80,4,efficiency,0.22520693669876066,0.09656436109433057,0.237325779316099,0.13462252275355727
lhs,80,5,v_out_mean,1.5369650557659698,0.01685943346033537,0.9929195049838537,0.5323347302637675
lhs,80,5,i_l_mean,1.493568655492752,0.03957546781416339,0.8939958316070837,0.7173041571346704
lhs,80,5,v_out_ripple,0.04096424337983372,0.030145949782438737,0.914421909035066,0.013066662307621995
lhs,80,5,i_l_ripple,0.12001729448533169,0.019907925679757354,0.9830322690947332,0.027069924255387914
lhs,80,5,efficiency,0.2304698503151216,0.09882099625090363,0.20126304207702173,0.1419131395064034
lhs,80,6,v_out_mean,0.846316170241836,0.009283497438715168,0.9978531539021812,0.5558350085862326
lhs,80,6,i_l_mean,1.0914561040161244,0.02892058945948596,0.9433910486649085,0.6070238642532291
lhs,80,6,v_out_ripple,0.0691990288137626,0.05092417863722023,0.7557960314461819,0.02994467889502444
lhs,80,6,i_l_ripple,0.07897104075282303,0.01309935886242158,0.9926536464314866,0.020459967396628437
lhs,80,6,efficiency,0.21148995849114793,0.09068278721308401,0.3274028165710209,0.12854068882923098
lhs,80,7,v_out_mean,0.8224893749600493,0.009022134131775102,0.9979723348958208,0.5436213277375491
lhs,80,7,i_l_mean,1.516485406487962,0.0401826987828107,0.8907178998829979,0.662956288347561
lhs,80,7,v_out_ripple,0.04390112884836867,0.03230722982929086,0.9017111861763173,0.016310614490763143
lhs,80,7,i_l_ripple,0.11113769880548265,0.018435018532343413,0.9854501370183368,0.025267383324879402
lhs,80,7,efficiency,0.28434269240344656,0.12192062476524809,-0.2157931247734075,0.15918816246424727
lhs,80,8,v_out_mean,1.1917998194563295,0.013073211833140872,0.9957426214773782,0.4935700482631576
lhs,80,8,i_l_mean,1.552244433971826,0.04113021481165141,0.8855033489085212,0.6535121909733527
lhs,80,8,v_out_ripple,0.05810021530834151,0.042756463406239315,0.8278495341151366,0.021439360032834007
lhs,80,8,i_l_ripple,0.09380352468695521,0.015559704174096538,0.9896348780039612,0.02456893766557422
lhs,80,8,efficiency,0.15385560261085374,0.06597029463072515,0.6440392021147623,0.09699798373238841
lhs,80,9,v_out_mean,0.8981123411443511,0.00985166526631481,0.9975823303277519,0.5586354140451679
lhs,80,9,i_l_mean,0.882298915930025,0.023378498351212487,0.9630083202171416,0.47937832599324837
lhs,80,9,v_out_ripple,0.05525473906404469,0.04066245221769329,0.8442988632093892,0.01645902935263985
lhs,80,9,i_l_ripple,0.05530444148965004,0.009173650478106754,0.9963970675075451,0.017327784610693866
lhs,80,9,efficiency,0.20289500292436732,0.08699743717410852,0.3809606699701642,0.12044196966692398
lhs,100,0,v_out_mean,1.1002065791297655,0.012068497942666224,0.996371859392644,0.5094778389353397
lhs,100,0,i_l_mean,1.104670668403689,0.02927073912664386,0.9420119897520647,0.5170343952742442
lhs,100,0,v_out_ripple,0.03934108199155407,0.028951450930204098,0.9210694154938495,0.014260316523798526
lhs,100,0,i_l_ripple,0.05226240029649448,0.008669050451520562,0.9967825277689989,0.015114123941802522
lhs,100,0,efficiency,0.19231247877759133,0.08245985632523063,0.44385188224349426,0.12429331220480219
lhs,100,1,v_out_mean,0.7201521691448647,0.00789956644197301,0.9984455234294819,0.42901251569110915
lhs,100,1,i_l_mean,0.8843196258248731,0.023432041614263183,0.9628386837129329,0.48991243328575385
lhs,100,1,v_out_ripple,0.03376013149091687,0.024844379991032065,0.9418752660965771,0.017462017040354973
lhs,100,1,i_l_ripple,0.0452040608258999,0.007498245042136263,0.9975929173389959,0.01311783945122345
lhs,100,1,efficiency,0.19752398766763826,0.08469445013340428,0.41330115975900594,0.12127822390938127
lhs,100,2,v_out_mean,0.6819926561596893,0.007480983229792075,0.9986058964582246,0.38665908989451314
lhs,100,2,i_l_mean,0.8452763211384762,0.022397501258657432,0.9660476399220955,0.5609364022244988
lhs,100,2,v_out_ripple,0.04430346126513618,0.03260330982079124,0.8999013930646728,0.016599157715486656
lhs,100,2,i_l_ripple,0.06029210432941317,0.010000981418664054,0.9957178982049638,0.014287730569821442
lhs,100,2,efficiency,0.1805469002117108,0.07741500471553482,0.5098199708100262,0.11438041600634503
lhs,100,3,v_out_mean,0.8622357337267762,0.009458123934148518,0.9977716281214991,0.4240498325994357
lhs,100,3,i_l_mean,1.0266204192523802,0.027202621861451257,0.9499167667832168,0.5483251083240718
lhs,100,3,v_out_ripple,0.02825788035630531,0.02079522461285601,0.9592777390333517,0.014587468543683665
lhs,100,3,i_l_ripple,0.044152543013538936,0.0073238240259886145,0.9977035999489341,0.013452775158516799
lhs,100,3,efficiency,0.23392992113883426,0.10030460742794241,0.17709994903846638,0.14750579781984202
lhs,100,4,v_out_mean,0.8989431292411343,0.009860778431630319,0.9975778553860414,0.49844996899519545
lhs,100,4,i_l_mean,1.1686606164344093,0.030966297023769292,0.9350993002863549,0.6225243125481507
lhs,100,4,v_out_ripple,0.10798473237315082,0.07946692165669643,0.40532808081905425,0.04470875791143906
lhs,100,4,i_l_ripple,0.03623087473143667,0.006009813540282678,0.9984537000488892,0.013986199875770435
lhs,100,4,efficiency,0.21765733787782088,0.09332723972787058,0.2876028611071998,0.12893848110505327
lhs,100,5,v_out_mean,1.171131665991059,0.012846496621374348,0.9958890037350785,0.6891424696359265
lhs,100,5,i_l_mean,0.6641333767176905,0.01759771067633399,0.9790403910722174,0.42928753490214405
lhs,100,5,v_out_ripple,0.04639580554819149,0.034143084523809666,0.8902233033909213,0.015776467246174337
lhs,100,5,i_l_ripple,0.12080432530584952,0.02003847479061456,0.9828090027222103,0.026939111848819378
lhs,100,5,efficiency,0.20909588865051404,0.08965625655659162,0.34254425066260474,0.12117457022941149
lhs,100,6,v_out_mean,0.7777630434054388,0.008531517505235044,0.9981868645859214,0.44939942662496196
lhs,100,6,i_l_mean,1.185196042605654,0.03140444040862606,0.9332497422357403,0.5999465477293965
lhs,100,6,v_out_ripple,0.04020852315409287,0.029589808570125463,0.9175503222534959,0.014844178719346453
lhs,100,6,i_l_ripple,0.06433410107488757,0.010671449547043337,0.9951245065496632,0.01554281101037262
lhs,100,6,efficiency,0.20063863811733834,0.08602995176188992,0.39465259787678597,0.1123248952572891
lhs,100,7,v_out_mean,0.9547137942848112,0.010472543684727715,0.9972679916054787,0.5060062695739581
lhs,100,7,i_l_mean,0.6596546171055778,0.01747903584593722,0.9793221312296116,0.436822845331673
lhs,100,7,v_out_ripple,0.03563193369923361,0.02622185582651529,0.9352512331044388,0.01838471613903862
lhs,100,7,i_l_ripple,0.06830019351709714,0.01132932701309641,0.9945048446874869,0.018437477055413733
lhs,100,7,efficiency,0.1986107289491643,0.0851604236911627,0.40682757840696127,0.11484492393315544
lhs,100,8,v_out_mean,0.9861370588875839,0.010817234955807352,0.9970851903813713,0.49269413234738285
lhs,100,8,i_l_mean,1.0768433709623428,0.028533392162247487,0.9448966960597315,0.5503676677455829
lhs,100,8,v_out_ripple,0.044346329731508455,0.03263485710515155,0.8997075865454806,0.015118132975098675
lhs,100,8,i_l_ripple,0.04588485091014197,0.007611171420444709,0.997519868244254,0.018922201813207456
lhs,100,8,efficiency,0.20556543371230293,0.08814246603806646,0.36455829016090646,0.11924490564735037
lhs,100,9,v_out_mean,1.040656096787986,0.011415270733104355,0.9967539881556873,0.6907483911309709
lhs,100,9,i_l_mean,1.4898236427574072,0.0394762352610255,0.8945267603347038,0.8112100813647319
lhs,100,9,v_out_ripple,0.037445290948435093,0.02755632149856918,0.9284932338930605,0.01834326955287502
lhs,100,9,i_l_ripple,0.03681109317798201,0.006106057550459567,0.998403777114938,0.01584876004867441
lhs,100,9,efficiency,0.1980765289227405,0.0849313690936252,0.41001417946597574,0.11939836671050669
lhs,150,0,v_out_mean,1.1151268279261164,0.012232162653747353,0.996272787423266,0.3810976769444027
lhs,150,0,i_l_mean,1.09006505160225,0.0288837303905502,0.943535252059831,0.4777749801259658
lhs,150,0,v_out_ripple,0.03479568702831155,0.02560645448946146,0.9382547504016081,0.01270751126530954
lhs,150,0,i_l_ripple,0.02897146984107878,0.004805656308974861,0.9990112712517898,0.008819229716011902
lhs,150,0,efficiency,0.19861186609535536,0.08516091127736683,0.40682078596735394,0.10451452026303182
lhs,150,1,v_out_mean,0.718346428033304,0.00787975872285621,0.9984533091814252,0.43313308241806936
lhs,150,1,i_l_mean,0.6574466047480129,0.017420529581984284,0.9794603265108535,0.4054411397243174
lhs,150,1,v_out_ripple,0.027451596419601126,0.020201873117482436,0.9615684474203873,0.009717636303261806
lhs,150,1,i_l_ripple,0.0420316239341459,0.006972015567162737,0.9979189215945677,0.009115378813945396
lhs,150,1,efficiency,0.28595464777117297,0.12261179992387691,-0.22961700299181897,0.13121505232823635
lhs,150,2,v_out_mean,0.5429455049200975,0.005955733071775444,0.9991164154402075,0.3019401378790329
lhs,150,2,i_l_mean,0.7171571407845819,0.019002694813151425,0.9755599991944626,0.3944985299151705
lhs,150,2,v_out_ripple,0.08391752323188764,0.06175564913425211,0.6408647504891034,0.026344782332028274
lhs,150,2,i_l_ripple,0.0321852871384866,0.005338749778374249,0.9987797442036644,0.00803269149729616
lhs,150,2,efficiency,0.21678837820657101,0.09295464669543116,0.29327975374272197,0.10443976283807584
lhs,150,3,v_out_mean,0.6885217714712627,0.00755260306573914,0.9985790755435258,0.3156402976067142
lhs,150,3,i_l_mean,1.0989582405838043,0.02911937547657315,0.9426101695592632,0.4588853131363424
lhs,150,3,v_out_ripple,0.031245615094903697,0.02299392508824119,0.9502112898032671,0.012294552156251472
lhs,150,3,i_l_ripple,0.05060900778288373,0.008394793183669444,0.9969828857997517,0.012592322571954079
lhs,150,3,efficiency,0.21358635031975307,0.09158167931871844,0.3140025049066065,0.13035994541851156
lhs,150,4,v_out_mean,0.7508551354578047,0.00823635654376876,0.9983101508202613,0.33723233478024806
lhs,150,4,i_l_mean,0.6588077437461569,0.017456596027549776,0.9793751901940032,0.3761844955714675
lhs,150,4,v_out_ripple,0.0243855783459456,0.017945563241978414,0.9696737410556865,0.009822520924933345
lhs,150,4,i_l_ripple,0.04061936321966384,0.006737756150926804,0.9980564204321246,0.009211646550068685
lhs,150,4,efficiency,0.20562504075005192,0.08816802437832601,0.3641897234345065,0.11851935396489673
lhs,150,5,v_out_mean,0.7048859393798214,0.007732106561250042,0.9985107303825321,0.38256925470002817
lhs,150,5,i_l_mean,0.9888416457242011,0.026201588108952106,0.9535349874059234,0.48556491611236113
lhs,150,5,v_out_ripple,0.019161846101171366,0.014101372383435838,0.9812747590680843,0.009650364267980221
lhs,150,5,i_l_ripple,0.015318084380282343,0.002540894516133119,0.9997235955579015,0.004881662396633982
lhs,150,5,efficiency,0.20740917833938027,0.08893302792991874,0.3531084437252837,0.12899937670606745
lhs,150,6,v_out_mean,0.5822621791951571,0.006387009535306817,0.9989838149595883,0.3671446146575547
lhs,150,6,i_l_mean,0.5828202210174497,0.015443135348009856,0.9838585782812294,0.36262668216191496
lhs,150,6,v_out_ripple,0.033057468108613944,0.024327283780064563,0.9442696341552708,0.010664096470441087
lhs,150,6,i_l_ripple,0.02709338129445817,0.0044941274800134965,0.9991353058490365,0.007476429217973736
lhs,150,6,efficiency,0.17655731804531455,0.07570434935749537,0.5312438413129243,0.09788084842087842
lhs,150,7,v_out_mean,0.6642527897791921,0.0072863892826394,0.9986774795126816,0.3491593627047123
lhs,150,7,i_l_mean,0.632335019619954,0.016755141536149695,0.9809994124645781,0.4052937059601955
lhs,150,7,v_out_ripple,0.04579858533680134,0.0337035848768935,0.8930312685510516,0.01693633268374842
lhs,150,7,i_l_ripple,0.03055508255790884,0.005068338819919353,0.998900227068551,0.008973973524933912
lhs,150,7,efficiency,0.2097169105010782,0.08992253866630107,0.3386331196230218,0.12411833941382108
lhs,150,8,v_out_mean,0.8160918133355674,0.008951957347916739,0.9980037557564885,0.34691126231891756
lhs,150,8,i_l_mean,1.0999430418251448,0.029145470005061472,0.9425072668328319,0.4744468185935325
lhs,150,8,v_out_ripple,0.02412531160356564,0.01775403063943344,0.9703176295089108,0.010002758014311915
lhs,150,8,i_l_ripple,0.04544944354317778,0.0075389480168168155,0.9975667135151166,0.010018551057670329
lhs,150,8,efficiency,0.15470835925970822,0.06633594012181285,0.6400823861003562,0.09062641839765895
lhs,150,9,v_out_mean,0.672035141926143,0.007371756251585241,0.9986463088124157,0.35950131086740783
lhs,150,9,i_l_mean,0.9231328293158256,0.024460484920080953,0.9595050419133514,0.42976836561543075
lhs,150,9,v_out_ripple,0.034555234752714145,0.02542950352864374,0.9391051711513346,0.010488641322397069
lhs,150,9,i_l_ripple,0.019147737251590326,0.0031761400036123145,0.9995681121146686,0.007580452375026765
lhs,150,9,efficiency,0.2171384184558633,0.09310473715678948,0.2909956806630972,0.12563405564618005
lhs,200,0,v_out_mean,0.5510920679670698,0.00604509517998057,0.9990897012327312,0.30970249977099523
lhs,200,0,i_l_mean,0.5210191446720771,0.013805576539586658,0.987100290654962,0.296561161798686
lhs,200,0,v_out_ripple,0.020797256081321533,0.015304885082991188,0.9779420677952309,0.008594639005528405
lhs,200,0,i_l_ripple,0.022171118501771062,0.0036776448033020476,0.9994209563415427,0.007252838664831261
lhs,200,0,efficiency,0.21386130732352232,0.0916995755424609,0.31223515204040375,0.11843075706335005
lhs,200,1,v_out_mean,0.5321231938404496,0.005837019876020031,0.9991512886453784,0.34242172310176083
lhs,200,1,i_l_mean,0.5836236447260832,0.015464423869970483,0.98381404537393,0.345976948579918
lhs,200,1,v_out_ripple,0.035368777769179134,0.02602819704515284,0.9362040919728765,0.008979162043306777
lhs,200,1,i_l_ripple,0.052737866423183344,0.008747918620928604,0.9967237184584812,0.009351472496543216
lhs,200,1,efficiency,0.1909071365685112,0.08185727287674546,0.4519503966927174,0.1202457495085411
lhs,200,2,v_out_mean,0.5272074222444175,0.005783097294098865,0.9991668970621995,0.2956950162821486
lhs,200,2,i_l_mean,0.6322634689046484,0.01675324563868275,0.9810037121749247,0.43621120277812675
lhs,200,2,v_out_ripple,0.02421256874210481,0.0178182439410724,0.9701025290742621,0.010885925266090935
lhs,200,2,i_l_ripple,0.024936119685111714,0.004136290686784402,0.9992675232386726,0.005922709620289336
lhs,200,2,efficiency,0.2116684427725604,0.09075931780691304,0.3262670777177059,0.1216921728331324
lhs,200,3,v_out_mean,0.5230766255025886,0.005737785338211666,0.9991799010402979,0.3293877453693023
lhs,200,3,i_l_mean,0.7591357690098148,0.02011501318171168,0.9726150803007823,0.4155817699420748
lhs,200,3,v_out_ripple,0.027679682391211713,0.02036972360558974,0.9609271649625817,0.008307358647182154
lhs,200,3,i_l_ripple,0.021514388429533002,0.0035687093909030046,0.9994547519590656,0.004639958017144521
lhs,200,3,efficiency,0.17159223391396672,0.07357541770045445,0.5572375347598322,0.08820776467442445
lhs,200,4,v_out_mean,0.47163447188705243,0.005173500833054027,0.999333275038626,0.2871242375376305
lhs,200,4,i_l_mean,0.7467566676549068,0.019787000990616387,0.9735009210058321,0.3859518140891923
lhs,200,4,v_out_ripple,0.019896679581397705,0.014642142854599067,0.9798110407760542,0.008638084986305805
lhs,200,4,i_l_ripple,0.00996398894301716,0.0016527813945660405,0.9998830493669094,0.0034006025984739253
lhs,200,4,efficiency,0.19517873315103026,0.08368885053989455,0.4271505110603113,0.11088423743857762
lhs,200,5,v_out_mean,0.8334566296520707,0.009142437257749908,0.9979178997068173,0.31416235571269435
lhs,200,5,i_l_mean,0.8099308124570104,0.021460942342497603,0.9688277317900545,0.4026205085184536
lhs,200,5,v_out_ripple,0.03584672356029623,0.02637992158902265,0.9344682671440359,0.008645115512031086
lhs,200,5,i_l_ripple,0.02435670605132173,0.00404018017530525,0.9993011673087085,0.005019372947496941
lhs,200,5,efficiency,0.21843368569243132,0.09366012259464086,0.28251179164542006,0.13911632711694294
lhs,200,6,v_out_mean,0.4904050585725681,0.005379401062241863,0.9992791489805782,0.318266974573769
lhs,200,6,i_l_mean,0.8132893820875878,0.021549935214588038,0.9685686694074168,0.38756006700327944
lhs,200,6,v_out_ripple,0.025053815607906656,0.018437324965856594,0.9679889092746082,0.007079425493509802
lhs,200,6,i_l_ripple,0.011864260904527935,0.0019679899079999676,0.9998341874186202,0.004037173462148571
lhs,200,6,efficiency,0.16361581831669886,0.07015528558878995,0.5974441725006021,0.0937369805432105
lhs,200,7,v_out_mean,0.6955408947076415,0.007629597946468321,0.9985499566910667,0.29280040202883334
lhs,200,7,i_l_mean,0.4586748694113291,0.012153624451609108,0.9900027062371479,0.2758039719448394
lhs,200,7,v_out_ripple,0.01675396962934989,0.01232939474604146,0.9856851050125339,0.008212623647053746
lhs,200,7,i_l_ripple,0.009005099011573923,0.0014937250721243388,0.9999044758706964,0.0037146432702315217
lhs,200,7,efficiency,0.15014224853735506,0.0643780805147627,0.6610143050284166,0.08347111757469947
lhs,200,8,v_out_mean,0.5158866656605239,0.005658916499206499,0.9992022914635025,0.3012131181093845
lhs,200,8,i_l_mean,0.648105241164059,0.017173009099750277,0.9800398578963402,0.3430900439003108
lhs,200,8,v_out_ripple,0.021692870273825084,0.015963975505370206,0.9760013530373306,0.008290984768312743
lhs,200,8,i_l_ripple,0.025521751551730854,0.004233432650585097,0.9992327143844761,0.005966105312407737
lhs,200,8,efficiency,0.1599124767416498,0.06856736463772693,0.6154611352326943,0.08320926126908891
lhs,200,9,v_out_mean,0.6673804201576065,0.007320697203991015,0.9986649960325419,0.30436349920388994
lhs,200,9,i_l_mean,0.8499497040703484,0.02252133307256394,0.9656711689105786,0.3652844088827476
lhs,200,9,v_out_ripple,0.02676690192825215,0.019698000372631988,0.9634616497822791,0.008170067200346262
lhs,200,9,i_l_ripple,0.026230631978923447,0.004351018527861388,0.9991894988941223,0.005348048021822723
lhs,200,9,efficiency,0.1930596013045238,0.08278020795617937,0.4395222837997079,0.1167942033737222
maximin_lhs,20,0,v_out_mean,3.651854562935589,0.040058294610967084,0.9600273831520476,2.487975381456253
maximin_lhs,20,0,i_l_mean,1.943959708888439,0.051509593889919575,0.8204245016012803,1.310612104333092
maximin_lhs,20,0,v_out_ripple,0.13657524340357785,0.10050693213085089,0.04874558572970278,0.08657475087619022
maximin_lhs,20,0,i_l_ripple,0.7422201301426051,0.12311611632525778,0.35106445787908014,0.46470837295424167
maximin_lhs,20,0,efficiency,0.257855399107584,0.11056338776479832,0.00016577463135469817,0.16423356917859258
maximin_lhs,40,0,v_out_mean,1.1298360211596312,0.012393512232675853,0.9961738105691479,0.6667997896813682
maximin_lhs,40,0,i_l_mean,1.9041559446564433,0.05045490344468778,0.8277030508176406,1.0163039271816237
maximin_lhs,40,0,v_out_ripple,0.12267741325255736,0.0902793957417917,0.23249371825949694,0.05955926778199776
maximin_lhs,40,0,i_l_ripple,0.08237590538115887,0.013664142398504615,0.9920065087288422,0.04146200823995643
maximin_lhs,40,0,efficiency,0.2854145848321938,0.12238023142328935,-0.22497680227926575,0.1763088878071364
maximin_lhs,60,0,v_out_mean,1.3478838024141662,0.014785344138966346,0.994554465132687,0.57044528704244
maximin_lhs,60,0,i_l_mean,1.129670891112045,0.029933176374173694,0.9393575919879973,0.5852229139255605
maximin_lhs,60,0,v_out_ripple,0.052327487299995874,0.03850826169935913,0.8603591509775524,0.020658858181202517
maximin_lhs,60,0,i_l_ripple,0.06515590412569636,0.010807766518102026,0.9949991520000783,0.025529518004547353
maximin_lhs,60,0,efficiency,0.20126963750436963,0.08630051204547966,0.39083903047578294,0.1223395453209121
maximin_lhs,80,0,v_out_mean,0.8096095312726543,0.00888085124000569,0.9980353424614445,0.42195356964478187
maximin_lhs,80,0,i_l_mean,1.4038661073770178,0.037198596625318395,0.9063465155468533,0.5486301660520412
maximin_lhs,80,0,v_out_ripple,0.03716548544398144,0.027350410147835867,0.9295578928982966,0.015073797547396453
maximin_lhs,80,0,i_l_ripple,0.027497731387713973,0.004561199243626059,0.9991093033195756,0.012831204091997315
maximin_lhs,80,0,efficiency,0.22515739732601914,0.09654311957331917,0.23766127739181964,0.12923760272172483
maximin_lhs,100,0,v_out_mean,0.982430533736934,0.01077657696302345,0.9971070605895482,0.44476100667998664
maximin_lhs,100,0,i_l_mean,1.3778122973690996,0.03650824220765386,0.9097904170540025,0.6415657735134853
maximin_lhs,100,0,v_out_ripple,0.03495020659138346,0.025720166805482492,0.9377051401393395,0.014689849136578987
maximin_lhs,100,0,i_l_ripple,0.05783175306885851,0.009592869485702545,0.99606024860446,0.017815024155652694
maximin_lhs,100,0,efficiency,0.2911020081204341,0.12481888808348165,-0.27428315790426594,0.18863446821936147
maximin_lhs,150,0,v_out_mean,0.651240434689544,0.007143652833314696,0.9987287869302389,0.34549273266230773
maximin_lhs,150,0,i_l_mean,0.7057457885350708,0.018700325315769588,0.9763315862741352,0.42075026761337797
maximin_lhs,150,0,v_out_ripple,0.021472558308404954,0.015801845977321965,0.9764863364229103,0.008560363492812017
maximin_lhs,150,0,i_l_ripple,0.024635137490682912,0.004086365122445412,0.999285098704344,0.006480395370229686
maximin_lhs,150,0,efficiency,0.23546415975406124,0.10096245915230477,0.16627050756632622,0.13661655488341878
maximin_lhs,200,0,v_out_mean,0.5463676829487844,0.0059932719751796685,0.9991052418948961,0.30767201118799653
maximin_lhs,200,0,i_l_mean,0.5708237560242166,0.015125261969723941,0.9845162325687755,0.32059270292968106
maximin_lhs,200,0,v_out_ripple,0.01941359440799249,0.014286636193751437,0.9807795025828416,0.008057356285202082
maximin_lhs,200,0,i_l_ripple,0.01853853777649486,0.003075088751571051,0.999595156607217,0.004313605058613311
maximin_lhs,200,0,efficiency,0.2241422253892875,0.09610783356078169,0.2445201256994617,0.11767480852188887
sobol,20,0,v_out_mean,3.1054968404672696,0.034065131895303115,0.9710933464247615,1.4078454262962874
sobol,20,0,i_l_mean,3.2374668849515,0.08578398189706764,0.5019382027050574,1.3310099261604453
sobol,20,0,v_out_ripple,0.12528638276988466,0.09219935953372592,0.19950161522456145,0.06455614314216085
sobol,20,0,i_l_ripple,0.2951815951042216,0.04896338717321512,0.8973604702125623,0.1195675455978258
sobol,20,0,efficiency,0.2689275573196315,0.11531091419251159,-0.0875422921451996,0.17253147389654921
sobol,40,0,v_out_mean,1.2848401459343861,0.014093799248254832,0.9950519528379774,0.8172528045688845
sobol,40,0,i_l_mean,1.2853939821345828,0.034059410648051965,0.921486364685284,0.7763523452115422
sobol,40,0,v_out_ripple,0.10230466989892859,0.07528691333770197,0.46624293624430524,0.049800282041561526
sobol,40,0,i_l_ripple,0.16088145445625826,0.02668628760797387,0.9695106566539782,0.05491934143393903
sobol,40,0,efficiency,0.27767079514628945,0.11905984478498412,-0.15940708045098417,0.2021981268579976
sobol,60,0,v_out_mean,1.417935697803723,0.01555376451694431,0.9939737283168175,0.7564824318006707
sobol,60,0,i_l_mean,1.6354415264860847,0.04333470929198298,0.8729008624140823,0.8003932066196906
sobol,60,0,v_out_ripple,0.07116221273191793,0.052368903082919055,0.7417432947970409,0.029369457743925617
sobol,60,0,i_l_ripple,0.06815543039457411,0.01130531436144719,0.9945281141035494,0.02664038063961186
sobol,60,0,efficiency,0.23341942987824843,0.10008571868878849,0.18068756126873575,0.13780066029373847
sobol,80,0,v_out_mean,1.0666616703607352,0.011700533716542269,0.9965897280492066,0.45082503278060315
sobol,80,0,i_l_mean,1.0407212577409914,0.02757625535844952,0.9485315116763354,0.5043760386359348
sobol,80,0,v_out_ripple,0.0380243828343888,0.02798248035011951,0.9262644258244588,0.013757271038767203
sobol,80,0,i_l_ripple,0.060300775724006016,0.010002419790357354,0.9957166663864705,0.015083172043230711
sobol,80,0,efficiency,0.19922884037807684,0.0854254578685863,0.4031297198935141,0.1124625025119762
sobol,100,0,v_out_mean,0.7869212875219711,0.008631977048356691,0.9981439134569823,0.4164325494756795
sobol,100,0,i_l_mean,0.8409096838797014,0.02228179736271985,0.9663975247884684,0.43184644072370126
sobol,100,0,v_out_ripple,0.02958513291868301,0.021771961537374637,0.955362509750304,0.01455214605936259
sobol,100,0,i_l_ripple,0.02534407015890646,0.004203959665227506,0.9992433608172935,0.00914129226578714
sobol,100,0,efficiency,0.19700248521501024,0.08447084000893235,0.416395072390056,0.11910865236074832
sobol,150,0,v_out_mean,0.478406700613169,0.005247787453402226,0.999313990481089,0.2930980368786385
sobol,150,0,i_l_mean,0.6218064172347322,0.016476162486012223,0.98162687789486,0.3733830298399765
sobol,150,0,v_out_ripple,0.027367522162193472,0.02014000212627905,0.9618034906831664,0.010598230897865955
sobol,150,0,i_l_ripple,0.026732499213322724,0.004434265993540156,0.9991581877744056,0.006493968122268244
sobol,150,0,efficiency,0.19255443330449454,0.08256360172777807,0.44245158618034786,0.10545197878176102
sobol,200,0,v_out_mean,0.4996891305380496,0.005481240849005912,0.9992515971382652,0.3279321960528645
sobol,200,0,i_l_mean,0.6817243177683473,0.018063822306898063,0.9779153696899793,0.37148727289450634
sobol,200,0,v_out_ripple,0.015391192069904627,0.01132651466131138,0.9879191571638839,0.007184556027755879
sobol,200,0,i_l_ripple,0.01232795353121801,0.0020449051425083216,0.9998209731869442,0.0028170867912659923
sobol,200,0,efficiency,0.19405412863574334,0.08320664196277713,0.4337329200420238,0.11910229012406937
