D,V_in,R,f_sw,v_out_mean,i_l_mean,v_out_ripple,i_l_ripple,efficiency,ccm_ok,i_L_min,wall_time_s
0.3190007985766442,8.89077669618918,6.118578571883459,169719.96187012395,11.87042977866494,2.8488481381527087,0.03646487646011075,0.16710850242950828,0.9092291344228403,True,2.7652938869379544,0.0001262850000216531
0.27922141358278496,18.25398701660684,99.65365945157197,161439.09040344082,24.571287325990912,0.3420840169673781,0.004264564413235037,0.31571684686536944,0.9702240792198772,True,0.1842255935346934,3.9399000002049434e-05
0.2020339400517261,19.7837970769112,65.07335515100209,70127.04894989656,24.0289307905884,0.46275042618666407,0.010638245716111485,0.5699653033293777,0.9691906540081244,True,0.17776777452197523,9.786399999711648e-05
0.755041242510456,16.66078167851758,81.59788481587992,21928.5950813829,65.47262547920214,3.2755775438056416,0.2762744493637234,5.736608867580056,0.9626254815908872,True,0.4072731100156135,3.967899999679503e-05
0.4657191181804317,19.36985952188266,75.55415196725792,133295.3504752895,35.351992620134105,0.8757616603509967,0.016347999965682813,0.6767613321578191,0.9751177477475225,True,0.5373809942720871,3.77709999952458e-05
0.6834887915886397,17.531105064886333,69.11226026906576,31036.382438442823,53.648901447271534,2.4525430701403024,0.17094879320736156,3.8607314624306537,0.9685914586769939,True,0.5221773389249755,2.6926000032290176e-05
0.7385396385954466,15.234510426734932,61.30294330253234,99061.88557932411,55.74559322422875,3.4779501886481325,0.06779480785428255,1.1357839353592631,0.9567267042293689,True,2.910058220968501,4.7525000013592944e-05
0.2188697666423457,14.758062348547572,67.31394762426214,26576.822698675536,18.144205808377382,0.3450717891209497,0.022198090552670132,1.2153799191657202,0.9603555929265999,False,-0.2626181704619104,4.145799999832889e-05
0.27401827794953537,12.282411760832327,97.78297784140206,52159.21978531748,16.182645957213964,0.22796101770290755,0.008694301971221294,0.6452560704747722,0.9565145191448173,False,-0.09466701753447854,3.760999999258274e-05
0.5747568847845134,16.12420195085383,55.568768853084315,170645.81914498293,36.74682555306208,1.555076511665114,0.02227294181269203,0.5430836881526722,0.9691229755179728,True,1.283534667588778,2.495000001090375e-05
0.6952127491863411,18.97820825105567,38.47793898708902,189381.40107682694,59.330233462433455,5.059032379126875,0.05660367884747157,0.696683637243496,0.9528348781893973,True,4.710690560505127,2.1921000040947547e-05
0.3356218497586154,18.230425800089105,49.66956030101497,91944.4262895922,26.598155257272936,0.8060200778624389,0.019547265900933437,0.6654595037269473,0.9693264097854358,True,0.47329032599896526,3.915900003903516e-05
0.681532925307681,17.026558564889562,84.28626010308358,182681.1422484586,51.94931685760434,1.9353455499304275,0.022994087525483427,0.6352139100854372,0.9716671110521,True,1.617738594887709,2.3152999972353427e-05
0.4602707563995828,15.177366294395142,26.79732839732936,33093.432766434235,26.994938944253196,1.8664437306861745,0.14010783265503854,2.1109015537246374,0.9599793333578416,True,0.8109929538238558,2.19070000184729e-05
0.5557980281183843,22.784814382374446,63.95691327900829,100470.30258279672,50.086627337698566,1.7630060847792326,0.04332250741795759,1.2604475729861593,0.9764652129672858,True,1.1327822982861528,5.3450999985216185e-05
0.2533815352512213,8.062955501793189,46.06074710352369,186822.3866909488,10.055175186694012,0.29238826434134013,0.002960770267392641,0.10935541933131826,0.9310952366039805,True,0.237710554675681,3.840199997284799e-05
0.5067078653162715,15.682735534330817,94.09816341273803,199789.45693784225,30.922720811808734,0.6661811830680345,0.008334539929800695,0.3977469865886222,0.9726577946872822,True,0.46730768977372344,2.349099997900339e-05
0.3253568259746408,12.793709959557376,50.33555508409653,136750.77453841278,18.17144897252287,0.5351069184908005,0.008589043939583863,0.3043873703042538,0.9582243188422898,True,0.3829132333386736,2.089299999852301e-05
0.3040325062278526,19.46068258126219,24.560879824522726,61864.1325639274,27.00059387430515,1.5795756880171559,0.05402695463473728,0.9563991044361366,0.9656154438875268,True,1.1013761357990877,3.303300002244214e-05
0.5979088116135365,20.458759232229095,18.232161474563974,175152.29173893234,48.0629381465221,6.55613068381321,0.08998938574681864,0.6983906575348889,0.9446166161551002,True,6.206935355045766,2.1263999997245264e-05
0.7429261770037758,11.503953321624413,55.200484458970635,55319.60176301377,42.453584287895254,2.991669525671127,0.10328519875974072,1.5449475031070257,0.9486917155919578,True,2.219195774117614,2.130400002897659e-05
0.4871312726914458,12.507172736243907,34.8118760865643,34515.093238460664,23.369317461810855,1.3089178219633792,0.09474483844444193,1.7652088988098504,0.9582814883476132,True,0.42631337255845403,1.985699998385826e-05
0.22269199954016775,14.395189383372246,95.08218827248895,168453.2541783347,17.7848818070252,0.2406349347789923,0.0024727318613174737,0.19030166696268272,0.9603438028958178,True,0.14548410129765094,1.957099999572165e-05
0.6048348631526338,17.32707976143883,41.9326290506456,131048.58510123884,42.306211077183804,2.553132872571595,0.046564668939601615,0.7997050794747996,0.9648446200965977,True,2.1532803328341954,1.9119999990380165e-05
0.499097044211832,12.173554955767713,39.13350612228448,115280.67211818794,23.306616847671307,1.1889863872171405,0.025784515472314067,0.5270428411230075,0.9589929409149028,True,0.9254649666556367,1.9305000023450702e-05
0.7859429790212507,10.196383566591308,71.84291157031466,112932.74219455544,45.028554715165335,2.928023822961137,0.04361895411811803,0.7096060823321129,0.9453036185190468,True,2.5732207817950807,1.9482999960018788e-05
0.7098203238973924,16.896177594828924,89.15767717722626,174112.62931037135,56.50679761905189,2.184112269402456,0.025838072132316574,0.6888213853579965,0.9704635346464645,True,1.839701576723458,1.9723000036719895e-05
0.4129639715720961,13.905697609582042,35.98131242044578,185490.83284555856,22.766461415837146,1.077838710435708,0.014086666930594165,0.3095868417990719,0.9610976353822677,True,0.9230452895361719,2.0500999994510494e-05
0.6152364371938347,14.653873977927464,55.91279020221104,95414.90763785523,36.80399691834214,1.7107631338658658,0.04244334802210994,0.9448835030565664,0.966354494459168,True,1.2383213823375825,2.8628999984903203e-05
0.6278440509147356,23.450569450534644,69.20346423810096,125426.60416851415,61.470082815978145,2.386772345456681,0.04446293040758303,1.1738578603547178,0.9755181876919663,True,1.7998434152793221,2.857599997696525e-05
0.26045613339040413,10.573634429892376,43.49165629392744,99273.62423792065,13.533204860006663,0.4207564373764595,0.008163857594676206,0.2774118463624555,0.9465429050104743,True,0.28205051419523175,1.827199997705975e-05
0.7913664298442231,9.959096521585098,17.172452360987425,33560.8266114948,39.634413027086985,11.062567172110239,0.5442332666641927,2.348361305278883,0.8303031377341927,True,9.888386519470798,1.7329000002064276e-05
0.7275416809883879,11.676970977421702,16.0603713416535,146171.1293470186,37.83042639722603,8.645409737647721,0.11724165233020628,0.5812011668595131,0.8826958980724104,True,8.354809154217964,1.6991999984838912e-05
0.30856568176686283,15.021545771817348,37.88383932416121,24143.11080076478,20.892046709841562,0.7975833346836619,0.07048251581514273,1.9198576150866722,0.9616505713024568,False,-0.16234547285967416,1.8108999995547492e-05
0.4446544169807245,14.879199757767239,21.218980835447528,121406.63315200253,25.61425624916908,2.1736714809937583,0.044211721406944945,0.5449539058666005,0.9560167416177281,True,1.901194528060458,1.6967000021850254e-05
0.6083458835800511,20.26653281886069,27.582952982964866,46513.35632564943,49.51960478230628,4.583885018093998,0.23480606251455258,2.6506497893799903,0.9569745959915765,True,3.2585601234040027,1.6769999945154268e-05
0.5502044474724184,20.036137942435825,35.84282136969092,52678.73362476315,43.08735006831491,2.672590623683022,0.12555568095506617,2.0926798059771365,0.9672771512457912,True,1.6262507206944539,6.29859999889959e-05
0.4368303971605799,12.828598368085554,59.52605046082787,164510.98272636422,21.93770084445212,0.6544023286212751,0.009785927557597182,0.34064119168660867,0.9630550366683457,True,0.4840817327779708,2.5641000036102923e-05
0.7294571491330442,11.208460988490566,14.323250142878367,90135.09875780741,36.03819585594538,9.300052549406455,0.20362322461591356,0.9070930316282663,0.8698675274848938,True,8.846506033592322,2.7671999987433082e-05
0.31628002386281584,20.09396114330444,30.548782085650778,101483.5345657419,28.45837585950404,1.3625044884006312,0.029033031712033773,0.6262413441843409,0.9683287394057006,True,1.0493838163084608,2.0738999978675565e-05
0.775159144438401,23.835574019903618,37.05960700630737,160084.92518807927,98.04897646573338,11.767034469270644,0.12810989999187775,1.1541600898872462,0.9248955253641389,True,11.189954424327022,2.8681999992841156e-05
0.32027059083248544,20.200295524616916,9.308370006179631,21577.193023380703,28.255936235043812,4.465807546114485,0.45056575262903703,2.9983328117098265,0.9507975177450052,True,2.966641140259572,2.717199998869546e-05
0.6935454117276346,8.847148926191966,59.812922329751906,141502.09045557765,27.509803259550175,1.5008121427026124,0.022542626212996533,0.43362607046132484,0.95290646757406,True,1.2839991074719501,2.0250999966719974e-05
0.6198050833414144,19.62433034492998,99.06173807697286,85670.15792738275,50.45494276826113,1.3396503701138387,0.03684879925299661,1.419777901573242,0.9774964252855981,True,0.6297614193272177,3.0951000042023225e-05
0.40478368023930816,21.8136265802046,40.156048175584814,118055.13443136976,35.64695506388333,1.4914085956776801,0.030437542616530193,0.7479386719629997,0.972678675221018,True,1.1174392596961802,1.7009000032430777e-05
0.34577452634233174,17.082067442406014,42.879341850207155,120524.63504669971,25.24900672204793,0.9000543534147238,0.016893255756334224,0.4900694183024986,0.9670107812073372,True,0.6550196442634746,1.6319999986080802e-05
0.23114210838197816,8.320918251932559,89.741316727511,32448.772054804587,10.101198289001669,0.1463977434803096,0.008017911584474026,0.5927233810812255,0.9333568464626637,False,-0.14996394706030314,1.6396000035001634e-05
0.4014800133982749,18.06003964733624,86.7497796949906,198353.1979652245,29.361049696475657,0.5654894930543337,0.006850589123927903,0.36554716707199936,0.9730418877313565,True,0.382715909518334,1.6489000017827493e-05
0.5006857215771809,8.686278731181265,10.360777813709511,149702.94408785057,15.925542331338946,3.078420093333173,0.05140871346960205,0.2905150436981266,0.915449633123064,True,2.9331625714841096,5.6426000014653255e-05
0.4921656917217511,22.017682882791036,63.05491021321546,193170.6108057448,42.33166026460293,1.3219783804823646,0.017104747740184605,0.560972918236315,0.9763729236715833,True,1.041491921364207,2.049100004342108e-05
0.7310032158885118,16.623389650707317,82.21852032822943,121934.3307112401,59.726850885271205,2.7005540413833176,0.04355051040143223,0.9965816208408225,0.9664894555702563,True,2.2022632309629064,1.7058000025826914e-05
0.2897062948658309,17.823053472340334,5.6420086088163695,53412.6645840787,23.44938231464922,5.851398783054989,0.22542981294539066,0.9667090801170076,0.9345171226259452,True,5.368044242996485,2.7679000027092115e-05
0.20999940847321194,17.451098887691913,57.447250725840995,110632.97154810661,21.324259858847732,0.4698695489550538,0.007045928160045569,0.3312502947667184,0.9653362238547676,True,0.3042444015716946,1.863500000354179e-05
0.29632379414438753,11.100108216464365,30.673522964751676,138337.0420322331,14.961353864226501,0.6931613993311198,0.010448050819632787,0.2377690121023123,0.9484546020935551,True,0.5742768932799636,1.6883000000689208e-05
0.21322693098918433,9.327568842120362,79.21034390984912,40797.61095199968,11.13035523938053,0.17859843171099082,0.007344030141316293,0.4875013098526005,0.9388366785698639,False,-0.06515222321530942,1.702700001260382e-05
0.518223931315423,21.493707402577527,9.825519054281436,80782.2017561214,41.61586543043131,8.791403327983737,0.2717097400933302,1.3788375788931866,0.9328092016166205,True,8.101984538537144,1.6668999990088196e-05
0.2356665998482695,8.302920121847897,98.68714517374012,157340.88675592322,10.143289420677272,0.13447309284282244,0.0015394822080477758,0.12436188674613599,0.9337503887612808,True,0.07229214946975444,1.9894999979896966e-05
0.2919235923429331,11.738407454441539,60.67981539366693,45082.04087547283,15.818299034659427,0.36815898676244646,0.016880338713873847,0.7601071304537959,0.9541809141638602,False,-0.011894578464451466,1.9967000014275982e-05
0.5750187198846354,8.4909559278129,83.12384330065558,145246.03066406905,19.115663781143663,0.5411204759701379,0.009104193489079287,0.33615091482260057,0.9567590896750627,True,0.37304501855883765,3.216799996152986e-05
0.2951970307326991,21.28853968558228,96.99662101020812,140245.81854618478,29.43484503356363,0.43056371069706306,0.006387445558239673,0.4480927680385429,0.9745039578092168,True,0.2065173266777916,3.399000001991226e-05
0.431023845945275,8.099350796103824,84.33899190784688,67992.47787591392,13.474967655088289,0.28080527402884004,0.01012837458591183,0.5134411097897748,0.9466110883963829,True,0.02408471913395266,8.852199999864752e-05
0.5518134451989085,11.433339090037617,46.87126836108909,153314.53046572412,24.478497433959316,1.1652503071726528,0.01879693375242287,0.4115115647705357,0.959556376771249,True,0.959494524787385,2.6155000000471773e-05
0.37603656154639736,11.594110936102412,78.25471644236055,162206.28972777087,17.811939391240553,0.36478884037929316,0.0052767080843602494,0.2687817850908529,0.9585900125794218,True,0.23039794783386672,1.797599998099031e-05
0.7650641006206353,19.06924717928389,36.412265673987044,128444.01308070826,75.28872075150632,8.80101641454353,0.12315900539035127,1.1358409078642102,0.9275679924109731,True,8.233095960611426,1.7037000020536652e-05
0.6135982775738926,23.061236418775938,95.68978319679458,137853.54600739805,58.44742090911554,1.5807410358679204,0.027187293223749992,1.0264759489411934,0.9793136716754004,True,1.0675030613973235,1.8130999990262353e-05
0.44183866102906355,19.30642519328768,45.527389316569106,167150.57191925295,33.600102554676866,1.3222333408446127,0.019508492137919522,0.5103377726269961,0.9714008701103082,True,1.0670644545311148,1.712099998485428e-05
0.3954414192108805,10.256222509176894,35.29079558291708,87256.57511743424,16.115170180611837,0.7553270836277263,0.020694619256672372,0.4648056813269463,0.9499174188984826,True,0.5229242429642531,1.648200003501188e-05
0.4889091716741665,14.560908897457608,95.75830166665732,75389.76426911665,27.652291003947397,0.565010600750498,0.01872709798142725,0.9442875935341365,0.9706009709862357,True,0.09286680398342978,1.6705000007277704e-05
0.6604443038484282,10.132825143803316,77.78298376022686,56172.09432494533,28.71549721887826,1.087228233218643,0.04340575596101701,1.1913685484831786,0.9622697036726832,True,0.4915439589770536,2.5112000002991408e-05
0.3019808147068926,9.160250646817222,6.782499792846455,50503.23614710053,12.005076776972698,2.535757935111388,0.1058364581019864,0.5477312275965939,0.9147974476173623,True,2.2618923213130913,1.7558000024564535e-05
0.6384675346245929,13.497815546524826,7.063448379109944,96468.49617624693,32.05462690747997,12.552396468638452,0.30034974050329216,0.8933400391214105,0.8585676884237587,True,12.105726449077746,1.6991999984838912e-05
0.3672404991677748,15.543895732926837,53.86231786610078,36558.13811593885,23.734982290786668,0.6964103207374167,0.044266009535449964,1.561443859604856,0.9662015111672371,False,-0.08431160906501134,1.6484000013861078e-05
0.3607577502365324,22.14264261571136,82.50065504935024,132380.92550755013,33.82047435207485,0.6412934828350788,0.011171527388673868,0.6034200096206463,0.9763728967719432,True,0.33958347802475564,1.666599996497098e-05
0.5996959725562495,23.351099486295723,12.888279987484077,81687.0091873009,54.22082381632611,10.509479081498018,0.30885119522094234,1.7142946541943969,0.9294985941767526,True,9.65233175440082,1.669699997819407e-05
0.4517897478219375,10.054828264699069,28.232537578578196,78991.36642763621,17.389939183112464,1.1235722260567511,0.035229371335781814,0.575084155590954,0.9481358302662746,True,0.8360301482612741,2.3701999964487186e-05
0.7834355567760514,15.296053090461037,40.998585608363165,124339.87323466099,65.21065913522692,7.344505532587716,0.10021727130540775,0.9637674189023435,0.9232649758972207,True,6.862621823136545,1.7956000021968066e-05
0.7948648209850759,8.784670923607004,18.71599158461723,40632.923976611186,35.775935294683826,9.318328367210885,0.373932623034638,1.7184650273076505,0.8354214921562412,True,8.45909585355706,1.7094999975597602e-05
0.3405805111334651,20.933950347615927,51.02092730039615,77651.1972774131,30.883121027462863,0.9179331568853608,0.026548774111610773,0.9181694242218041,0.9728183904311288,True,0.45884844477445874,1.664100000198232e-05
0.6063431849096095,19.23817519387457,73.95508539716718,22814.794412826282,47.628836619596306,1.6360032279313788,0.17116062815325234,5.112882547977301,0.9745943126716433,False,-0.9204380460572716,2.8445999987525283e-05
0.690417201769823,21.930992431676096,81.44262073033647,93717.2230809351,68.95215837591839,2.7347605319042776,0.06237180559965332,1.615661873979834,0.9733441019839763,True,1.9269295949143606,1.9248999990395532e-05
0.3730472096232,18.444991624013763,15.272835012234921,43313.777967718626,28.163427041967193,2.941243636452228,0.15881940698617578,1.5886059770611256,0.9572863751017758,True,2.146940647921665,1.7345000003388122e-05
0.39814358211790957,17.600190696460352,86.42367434016498,83702.33494090391,28.434261698231804,0.5466587873381832,0.015649893121946982,0.8371813014289798,0.9723384925744841,True,0.12806813662369326,1.673100001653438e-05
0.6673759743549168,16.190800882610446,75.18625921552389,197881.32523171752,47.218931182801185,1.8880959444669658,0.021180852334952757,0.5460521098676496,0.970066341409368,True,1.615069889533141,1.644899998609617e-05
0.5380997158037206,17.91002666479222,32.50549578402321,48001.17330766236,37.39045550243965,2.490323300395138,0.12894807734283598,2.007738476847471,0.9643013015025893,True,1.4864540619714026,6.194299999151553e-05
0.428833926964558,18.508871671291907,52.26458462919637,50996.89990858965,31.481185248523303,1.054583978302802,0.05065110595501394,1.5564146324012655,0.971479259904841,True,0.27637666210216916,1.8449999970471254e-05
0.4809659594104623,15.9009729411193,57.23525388158066,183550.5461549299,29.696787574327917,0.9996547111310764,0.013595792189432824,0.41666052574585777,0.969352234250617,True,0.7913244482581475,1.6900999980862252e-05
0.6211861973073345,14.422845823759594,5.238237946155653,192580.9106815052,31.82491660262626,16.038223346484948,0.19597046046284183,0.4652212267511938,0.8358764855378065,True,15.805612733109351,5.510599999070109e-05
0.4078543451072087,15.991415336969679,45.246898756436124,152643.04740261554,26.107763398451386,0.9744337187261345,0.015417321044529114,0.4272823650063857,0.9667436139702931,True,0.7607925362229416,1.8712999974468403e-05
0.6560840478045922,19.919312043575104,28.756775869532987,147200.56441424612,55.06895298493763,5.568193336581889,0.08535257541377782,0.8878188019886912,0.9507904369783543,True,5.124283935587544,5.7246000039867795e-05
0.7615160549348534,11.97129194941359,51.9927403941245,150714.7632750216,47.28936846699086,3.8138328783541358,0.04595619609389326,0.6048731272035699,0.9420666707739728,True,3.511396314752351,2.121199997873191e-05
0.546630743027914,17.249896642996717,73.76310698943071,118748.94105870173,37.03717729711558,1.1075073366300427,0.023113354843100186,0.7940554025197389,0.9734271398289156,True,0.7104796353701732,1.767700001664707e-05
0.6888259351417063,19.19742345863982,77.48475889639639,59811.25178637659,59.91982708385979,2.4851400723392376,0.08905962539067262,2.2109022585648184,0.9712499283803266,True,1.3796889430568284,1.7214999957104737e-05
0.4257657899511003,16.811833343306024,70.98373367815432,102547.54376113776,28.429645179092002,0.6974667977908302,0.016628692448125242,0.6980082839050459,0.971058569759535,True,0.34846265583830727,1.696999999012405e-05
0.33050872274658044,15.771564972578174,13.93468485321015,42493.38881269397,22.43890135779168,2.4052460784530205,0.12524661494286762,1.2266943024427264,0.9525147793710477,True,1.7918989272316574,1.7533000004732457e-05
0.3285826576354263,18.88322461738805,22.042326070799074,158996.88298495364,27.106809452715712,1.8315906829273272,0.02541423303636274,0.39024036276832175,0.9638174798792776,True,1.6364705015431662,1.6352999978153093e-05
0.6314282691177953,11.84863097273684,75.908581151193,106533.98108601545,31.051230252249294,1.1098541635326562,0.024245090113540556,0.7022698739184556,0.9659010991587904,True,0.7587192265734284,2.5434999997742125e-05
0.5057085424665355,21.702063449117098,79.7396047117903,124820.6999291874,42.92933162576374,1.0891731922910102,0.021811911393105357,0.8792547134886691,0.9777688628543516,True,0.6495458355466757,1.771099999814396e-05
0.2660204820320976,23.913505080798693,87.52815145092379,72370.2054434276,31.80419712028012,0.4950541883143936,0.013356477922135655,0.8790194956188021,0.9761692898145274,True,0.05554444050499252,1.6726000012567965e-05
0.34952342421893756,16.0406320729316,34.4352969740148,177574.4654639545,23.768178449798185,1.061109993813614,0.013585881965686632,0.3157310165129139,0.9638425256737632,True,0.903244485557157,2.6951999984703434e-05
0.3526615460665714,20.36170385003684,72.04176456147775,70750.96899756996,30.635122666311183,0.6569069787519525,0.021196345835368335,1.0149387438849473,0.97395056371154,True,0.14943760680947882,1.8343000022014166e-05
0.6640912967462229,9.269993390615943,91.12636077972748,163162.7491411197,26.552777152372368,0.8674504318939988,0.011859672557232777,0.3772994733178109,0.9621699353172116,True,0.6788006952350933,1.6929000025811547e-05
0.5573941735814656,14.201261124928234,8.140337093790253,187759.73932310703,29.055748135760545,8.064409008596845,0.10596187238472883,0.4215866637374376,0.9055705195972217,True,7.853615676728126,1.6660999961004563e-05
0.4945006030143216,8.471376453980131,52.83084514599029,71779.94430482335,15.911424795992092,0.5958005096762549,0.02074842908389667,0.5836032342216526,0.949457940306502,True,0.30399889256542856,1.6567999978178705e-05
0.7108904091989088,20.630794986208194,16.61494787366395,57367.340191495205,64.37650837304251,13.40188650599785,0.48013832757816277,2.5565477222558473,0.9021400292802811,True,12.123612644869926,1.6297000001941342e-05
0.47508915217311654,21.63425350006405,73.36423403102444,148039.44349692808,40.26856977220603,1.0456739028324356,0.017614871837731475,0.6942878810171283,0.9770343635772826,True,0.6985299623238714,1.6717999983484333e-05
0.5701280519599372,23.246449831343618,85.17985855537816,177210.03835202326,52.945362738294655,1.4459454467679056,0.01999747230619461,0.7478951689520374,0.9790624540574413,True,1.0719978622918869,1.609299999927316e-05
0.24717251701969037,11.018969765684293,32.60404850138961,73398.53892643718,13.852548038346637,0.5643683744392897,0.014307735388666507,0.37106821631391557,0.946420499768446,True,0.37883426628233186,9.80750000394437e-05
0.2369889604162554,20.80451290887762,74.79948574013804,67462.69382097186,26.498272888531087,0.46428872234997653,0.01244467024633691,0.730839462077449,0.9718311999135684,True,0.09886899131125204,2.285399995116677e-05
0.41533756044933423,21.135547701472685,58.162996537200485,49358.73162010752,35.235969764074554,1.036177747069131,0.050977281539220556,1.778487115239019,0.9747155991969813,True,0.14693418944962144,2.3988999998891813e-05
0.5885553865788362,23.124183426813936,66.14350211689471,108543.20381453776,54.868203553953364,2.016146908828052,0.044979876408085644,1.2538659481014465,0.9762604968006212,True,1.3892139347773287,1.7761999970389297e-05
0.25020513980687364,9.813800944182985,17.612045392003886,173413.06743397214,12.249455952337138,0.9276081276062568,0.010035093210757464,0.14159621726379193,0.935883982716048,True,0.8568100189743608,5.251400000361173e-05
0.5867535524993068,12.608529105992162,21.03229653419082,62454.44004542739,28.77474805084329,3.3106685605164925,0.12853376890023463,1.1845593746978862,0.9430967172917338,True,2.7183888731675494,2.1523999976125197e-05
0.7600377111347782,20.754636934801354,92.3726363891144,113719.4017467331,83.6216699485792,3.7725282585972995,0.060502883408428486,1.3871253725455788,0.966822372399416,True,3.07896557232451,1.7032000016570237e-05
0.30648132515674814,8.224735386374055,23.179391568886665,28515.572891804568,11.04517413549849,0.6870880180616384,0.05121444264424033,0.8839828713397448,0.9313411520271251,True,0.24509658239176602,1.791699997966134e-05
0.3827479268110998,9.612859180541724,47.57876225186669,178519.48605805813,14.776522064959092,0.5031489023028161,0.006658651814703885,0.20610085785720947,0.9488164455357735,True,0.40009847337421134,2.159900003562143e-05
0.7505664983092837,22.275356885797756,49.446232136038496,39560.16043204142,84.81231348863155,6.876555031375781,0.32542943938983904,4.226256019634664,0.9497056522334816,True,4.763427021558449,1.9042000019453553e-05
0.7521831833062682,11.772384064381995,58.65805647984235,74065.6259245711,45.082257854066754,3.101324537728497,0.07805215736969215,1.1955599119176836,0.9490126697924126,True,2.503544581769655,1.6472000027079048e-05
0.7061248666510749,18.763818646229247,80.54540379803352,97622.34672240024,61.944717446138554,2.6169816293639565,0.055628298393688665,1.3572301203852692,0.9701656386134232,True,1.9383665691713219,1.6205000008540082e-05
0.7488176251290481,15.65206401549663,65.3972315111135,116223.12253738758,59.627340948348824,3.6299188558741093,0.0587448227448953,1.008451773499861,0.9568921448198529,True,3.125692969124179,6.232300000874602e-05
0.27788620362723065,9.532918427217803,29.978705120579882,87636.9700620973,12.410983343641124,0.5733075748647265,0.013127225757317887,0.30227728199075865,0.9401257723351267,True,0.4221689338693472,1.9152999982452457e-05
0.6521469829064491,10.402661106991104,90.89842971263802,103133.53351161911,28.857417109493472,0.9126521926671685,0.020074589251664297,0.6577942037017681,0.9649588219612608,True,0.5837550908162844,1.7422000041733554e-05
0.25595712409083826,22.84749947138952,61.52717474567567,130430.3954699484,29.90819105919377,0.6533188821980799,0.009539191861592298,0.4483602335401338,0.9739786411545479,True,0.429138765428013,1.6337000033672666e-05
0.5391490969863615,16.361870467194446,58.996414579260474,190318.98250572605,34.454503126001185,1.2672430836926643,0.016544252411971733,0.46351065833016913,0.9704507140757561,True,1.0354877545275798,1.952499997059931e-05
0.4539467491794127,10.488444786633423,53.38693926643232,20095.226171273724,18.36616986458003,0.6300116447745264,0.07771334194557504,2.369316659718001,0.9561862567516174,False,-0.5546466850844741,2.7656999975533836e-05
0.2822631655194504,13.967812395484128,80.27471921486155,193759.4333007008,18.70928283745147,0.32472304468547847,0.003395233891957177,0.20347907066865414,0.9613775628526591,True,0.2229835093511514,2.0997999968130898e-05
0.4764209477304228,22.6777003839313,54.799054233551644,38578.2866831828,42.264485550061075,1.473059404924979,0.09524680940305434,2.8005731820041926,0.9757955575002649,True,0.0727728139228827,1.9516000008934498e-05
0.7131928600004929,23.021423457809497,63.64490313073128,92845.54472183247,77.55824021306118,4.2488789455748135,0.0936074112281756,1.7683901673848177,0.9662416009882735,True,3.364683861882405,1.9781999981205445e-05
0.5649619979767269,23.947432997956703,62.40755253640574,84728.35103436612,53.762989778752214,1.9802456379059084,0.05744295100626268,1.5967960461607293,0.9766785299343635,True,1.1818476148255437,2.130499996155777e-05
0.625032179168145,19.934793340329215,78.91923455919755,111011.8757021663,51.850689302516045,1.7521757727616232,0.03699172691565584,1.1223922885693076,0.9752967911165178,True,1.1909796284769694,2.8047999990121752e-05
0.36390841675906027,19.56916035413515,31.66935379315131,109713.64798543924,29.78990607363794,1.4788028643418027,0.03120048729220227,0.6490880845309797,0.968314847242545,True,1.1542588220763128,5.3325999999742635e-05
0.2849059744627527,10.88174329593464,76.45413997029263,104557.82994115267,14.47492154146948,0.26475981043773433,0.005158936787684826,0.2965128177704801,0.9512198213950037,True,0.11650340155249428,2.366199998959928e-05
0.7772959751199608,23.74404111206151,7.809094598981643,141424.04638647707,77.96397078957754,44.82963472344981,0.5487271213353255,1.3050218870878707,0.731252528098459,True,44.17712377990587,1.724600002717125e-05
0.534535551556639,13.557254623400048,44.409005867174876,66648.4833103256,28.056754299114203,1.357312541431619,0.05067020974084726,1.0873217540406077,0.9632792204409372,True,0.8136516644113151,1.6764000008606672e-05
0.5267698457863546,18.814091230125932,90.12587769511889,145088.61174359193,38.81379051723557,0.9100476664354468,0.015635944909674973,0.6830788313984653,0.9762818648756266,True,0.5685082507362141,1.6372999994018755e-05
0.7995329875280315,12.479579682926595,85.79994821880918,96667.05085856465,59.15123419352077,3.439013389275413,0.05702098332615188,1.0321857901285496,0.9501819375397474,True,2.922920494211138,5.4430000034244586e-05
0.7006643361884595,20.66741059743058,66.57048278353875,30549.76779579233,66.83132284138541,3.3538210622071913,0.23025042995445746,4.740107232166102,0.9679489499577919,True,0.9837674461241401,1.933100003270738e-05
0.5122200929680756,9.752341755832875,56.67577803789271,165220.13327670746,19.115265565016685,0.6914470667538556,0.01045626274516423,0.30234483544829566,0.9560824152432594,True,0.5402746490297078,1.699400002053153e-05
0.6746003103559955,16.729089036786334,20.382229432614942,88946.31729546601,47.751967532356005,7.19983345091404,0.17768802079369567,1.2687932451099257,0.928829739667891,True,6.565436828359077,1.6259999995327235e-05
0.385843093701885,22.227989976696783,14.862026163822911,175972.3824724611,34.75313631414128,3.807471334870398,0.05127222913808536,0.4873785476380287,0.9602253152545964,True,3.5637820610513837,5.561400001852235e-05
0.3771151100147331,13.696580989969437,18.913466285161388,69464.31274530699,20.949623832851568,1.7782683701839233,0.06013361187074462,0.7435742819188816,0.9527344193353754,True,1.4064812292244824,2.0871999993232748e-05
0.4482399836491565,10.806549566157763,92.9102847042253,142647.40351506346,18.804217943078584,0.3668100780494625,0.0063597231114094765,0.3395734854947317,0.960104382644942,True,0.19702333530209662,1.6826999967634038e-05
0.7187793526706856,13.800283716500548,31.311850764751757,65681.86254373752,45.85551203102726,5.207575860777267,0.16026287981978335,1.5102128064369018,0.9344385261850743,True,4.4524694575588155,6.0974000007263385e-05
0.7721659475842175,15.098427828603636,15.450458328790209,172721.45419594407,55.90716317548792,15.882082733821582,0.16176719258058894,0.6749880543548258,0.8436345618191322,True,15.544588706644168,2.401499995130507e-05
0.25773888956789853,18.1223671702493,13.47212231170648,191673.58069236274,23.359809611790492,2.3360200972328737,0.023315835296227827,0.2436871463417026,0.9567777795825093,True,2.2141765240620224,1.8301000011433644e-05
0.5270060012648057,21.075590777435437,64.40892623687321,184277.49254607788,43.476620531587756,1.4270989582312634,0.019304252351891836,0.6027302990967501,0.9757344794692715,True,1.1257338086828883,1.6886000025806425e-05
0.3923684332937851,18.37229520635071,47.957258570276906,54332.84355758194,29.33771952791413,1.0067732682509873,0.044177753620402965,1.326768159757175,0.9702938190418321,True,0.34338918837239985,1.643699999931414e-05
0.20349449124865415,9.477651305910214,48.45866988101539,79408.7909742941,11.159049695168056,0.28911254627044275,0.005901192688755312,0.2428761107007254,0.9378108845478118,True,0.16767449092008005,2.355999998826519e-05
0.4630322189256072,12.086049586862819,44.51843516586107,135258.66671441344,21.600721218483567,0.9036081376443454,0.016610185045664104,0.41374283025175373,0.9596925164781164,True,0.6967367225184686,1.77560000338417e-05
0.5807882517330558,21.272407019026392,48.774483208489954,195731.64619134722,49.30161844314802,2.4112101028722033,0.0299933706078258,0.6312093278292008,0.9715787048196411,True,2.0956054389576027,2.351400001998627e-05
0.2247744877845546,21.902225906071255,51.266413960112715,152006.40086843632,27.45359446788652,0.6907775544883498,0.007918654867099232,0.3238719936300411,0.9717152459660695,True,0.5288415576733292,1.749599999811835e-05
0.46745084144027016,11.330338322991867,26.012736261281926,155859.43238259203,20.23724006446829,1.4608497244955536,0.02333286677940722,0.33981749464378525,0.9511918232868798,True,1.290940977173661,1.6614999992725643e-05
0.7022282427875557,13.657889378426024,85.54546520727493,105055.32077800459,44.37651141961027,1.7420983192674502,0.03467499480363212,0.9129433509289692,0.9675046720797413,True,1.2856266438029655,1.6165000033652177e-05
0.4236968237885753,17.98557296074702,19.61820877703148,64956.19655962819,29.951462700123205,2.649156841639791,0.09958485729325947,1.1731644617601384,0.9597205006440944,True,2.0625746107597216,1.634400001648828e-05
0.2283181219217742,13.416758504372023,22.664622911691502,76496.54138880636,16.54976546334279,0.9462481516761233,0.021794250040253253,0.40044805273306894,0.9518807460345117,True,0.7460241253095888,2.7852000016537204e-05
0.6353115455306386,14.149465589492928,54.08811045253289,160903.46839241756,37.4134704657303,1.896724137272892,0.027311624162565606,0.558677755172427,0.9642951272035458,True,1.6173852596866785,1.8508999971800222e-05
0.6343478515587848,12.995656487313894,66.8991339422005,194711.63775618072,34.33541175806332,1.4036332092288588,0.016720810615410257,0.4233833615351978,0.9660779422113368,True,1.19194152846126,1.6945999959716573e-05
0.3682470224086957,16.296861494196445,8.994215435134628,116898.9558563655,24.29484858167503,4.275664434401107,0.0850901957274057,0.51337248274643,0.9417974704558204,True,4.018978193027892,1.64580000046044e-05
0.38619676570294914,8.565603160993978,33.24222947809823,143343.2872513283,13.129885588707587,0.643489738906502,0.010641480930222151,0.2307752459500107,0.9408755097362864,True,0.5281021159314966,1.950099999703525e-05
0.5105429903952503,13.108113469533539,94.36362879724302,188472.3609754631,25.936909312614,0.5615637138122402,0.007445574900780681,0.3550788781198091,0.9684842979157847,True,0.3840242747523357,3.05930000195076e-05
0.41704906142263953,17.193596075789696,46.671325713585986,27339.183897808885,28.57632573393559,1.0503263100559657,0.09340236052906495,2.622819003190055,0.9688837538266413,False,-0.2610831915390619,2.090499998530504e-05
0.5232044017211894,22.495383843204138,60.17496872022959,186403.81587458192,46.055609905027,1.6052195018997348,0.02148242257651779,0.6314078813220824,0.9761608084494506,True,1.2895155612386937,1.9703000020854233e-05
0.31117503419332204,14.51437352427931,71.46487645339944,158293.4910794999,20.30201897892168,0.4124180864476674,0.005584551120502868,0.28532510382526916,0.9634957723507144,True,0.26975553453503287,1.935399996000342e-05
0.583896272252238,15.502813618758486,11.932995950643484,168586.81105148853,34.405682155436075,6.92913580445812,0.09986028164111868,0.536936135451883,0.923466730146247,True,6.6606677367321785,1.9611999960034154e-05
0.5327090795998541,9.408715493218095,93.65213965471546,24887.840635762175,19.314992179245724,0.44135646234954573,0.04414481634917877,2.013878280547583,0.9592935910823526,False,-0.5655826779242458,1.9633999954749015e-05
0.6473686831219898,15.398529951155774,37.37581759180555,105528.61334359615,41.77764527066346,3.1698037690007874,0.06857008869823088,0.9446277877296828,0.956721590605516,True,2.697489875135946,6.487399997467946e-05
0.544060375987427,14.079045677103966,8.364221887569498,126475.85738377647,28.121870768299512,7.374139108647892,0.1446299139901912,0.6056373953952653,0.9107062707723301,True,7.07132041095026,2.0464000044739805e-05
0.35804192499009924,12.937148662747628,97.4966455629337,133524.82518027344,19.39572324054947,0.30989148178881654,0.005334431837044977,0.3469048998820612,0.9624409117892523,True,0.13643903184778594,1.669699997819407e-05
0.6785083336683433,11.173285465688531,62.66130754212051,94071.24695067508,33.36457301835886,1.6562137989406227,0.03840470236991055,0.8058963337543639,0.960006992487185,True,1.2532656320634408,1.6576999996686936e-05
0.4848063329541689,12.058136418847806,67.90086503593307,181036.56189930794,22.549607572344108,0.6446042511499033,0.008893355894891635,0.322910512559014,0.9634502888424348,True,0.4831489948703963,2.4013999961880472e-05
0.38917372494356606,22.321164434683734,68.22384437788831,107928.35139986039,35.675152343761994,0.8560752436342508,0.01885548102569692,0.8048682848809784,0.9762627071708906,True,0.4536411011937616,2.4411999959284003e-05
0.4394638772610047,10.67012381947402,87.93714667356507,181985.81255665922,18.254981377455834,0.3703440906514522,0.0050129650339866315,0.2576648101676137,0.9589932277370771,True,0.24151168556764532,1.7925000008744973e-05
0.24191389680144618,9.849772817677543,72.51725735261975,171658.09008903048,12.259971190149683,0.22301267329767413,0.0023825642460859925,0.13881063943432534,0.9435866143213795,True,0.15360735358051147,1.6727999991417164e-05
0.7443017725713199,17.723864797038857,33.94235218748658,59048.37039324382,64.62004995564637,7.445564609827862,0.23997527098275495,2.2340843443089877,0.9322589863567502,True,6.328522437673368,3.599300003997996e-05
0.6534679434123216,13.246678025501716,27.111654883628383,37369.259170034624,36.05704465155408,3.8378737499180153,0.23256475563565795,2.316417193871221,0.9432494557142783,True,2.679665152982405,2.4424000002909452e-05
0.34173793148040144,14.268602892560192,11.367051307524413,60840.04300606822,20.489109774797683,2.738271074682895,0.10124624915342416,0.8014660405700971,0.9452364666701759,True,2.3375380543978466,2.791200000729077e-05
0.7899331980945095,14.948491758866519,23.85741322442606,179478.53112190423,62.21675308902637,12.414423774448307,0.11477884480441947,0.6579232528792252,0.8743139145528311,True,12.085462148008695,2.385699997375923e-05
0.7816691705780106,19.691893281771343,88.57025697409178,122726.67920170212,86.63880721046395,4.480324758778074,0.062302942775048886,1.254213508325696,0.9605944115034781,True,3.8532180046152256,3.229199995757881e-05
0.2654780700021948,22.410284150150673,70.06212147121873,119381.75404635823,29.720963781327054,0.5775303849834359,0.00943344455082708,0.4983541272205211,0.974137567011101,True,0.32835332137317536,2.1580000009180367e-05
0.21687548570209886,17.364358373751024,83.40868964666004,129788.99634911871,21.42674731370304,0.328030427955455,0.0042925715238575635,0.29015585004468925,0.9663363725775719,True,0.18295250293311038,2.470999999104606e-05
0.20844321337455055,16.50710874915193,29.688273641253154,58137.939382247394,20.035047510681427,0.852556864498791,0.02419544183701276,0.5918329455355693,0.9607301962106456,True,0.5566403917310063,2.323000001069886e-05
0.735068780697973,12.361812349352135,10.829549640888922,82682.10779951843,38.95242676201932,13.576598819809027,0.31977209477750695,1.099002259701505,0.8348059026616373,True,13.027097689958275,1.7658999979630607e-05
0.4570081675372512,22.619574106789273,39.60116886137053,154727.58652722323,40.53085119984461,1.8848831098418586,0.030229706474462006,0.6680987110981685,0.9729591309003885,True,1.5508337542927744,1.6684999991412042e-05
0.7225140873733866,23.619339365593063,19.94844426651123,76898.03840621767,77.54660110575693,14.009182591017247,0.36524543221634587,2.219212060513879,0.9110368857424056,True,12.899576560760307,1.7662000004747824e-05
0.5944802512657946,21.571206404929534,22.327594805124594,197246.39063229848,50.70260511875659,5.599849083710478,0.0684410555566199,0.6501338839509793,0.9531644777748337,True,5.274782141734989,2.775500001916953e-05
0.2708771822286996,10.750332891512668,42.49658491778259,35852.2704229192,13.973969464410382,0.45098808629971243,0.024843999881942063,0.8122274676952954,0.947760417669016,True,0.044874352452064725,1.8058000023302156e-05
0.7191742262053125,13.128883878552358,96.67470220337974,156555.63243186736,45.244161888677056,1.6665284823064095,0.021498844700538734,0.6031054110050247,0.9677689961776725,True,1.364975776803897,1.8312999998215673e-05
0.5662527141698392,16.471188211859385,25.834803369608352,29035.593317137096,36.31545958109113,3.2407804773786872,0.2741359396686481,3.2122143772632445,0.9563203227580033,True,1.634673288747065,1.654999999800566e-05
0.35368834849034814,13.307970215984062,41.423007170720325,134434.50655775832,19.75627072421449,0.7379405225348041,0.012547966207473085,0.3501239471896962,0.9594782489145107,True,0.562878548939956,5.8545000001686276e-05
0.33346251067719646,9.042798299496072,24.029946904180814,90289.97591827085,12.727728598187543,0.7946456557832775,0.019561654014124897,0.3339722038719967,0.9381507785140724,True,0.6276595538472791,2.791400004298339e-05
0.5175639774516823,21.01234067966177,12.164290197384966,138806.66296328447,41.03039413562704,6.991642090359606,0.1257687210795756,0.783480445791865,0.9420435567914255,True,6.599901867463673,5.5936999956429645e-05
0.4210632183556444,21.410956312959605,98.46307127416141,63944.95694065995,36.1506332635964,0.6341783163250931,0.024175949372872492,1.4098635145806744,0.9774869917119976,False,-0.07075344096524405,2.0826000024953828e-05
0.7678854663480192,20.549323939861615,43.080185064457034,166147.61850966956,82.8886454102277,8.289248278610598,0.0889241677411153,0.9497293634563173,0.9362672626479099,True,7.81438359688244,2.373000000943648e-05
0.5628741251757439,23.411654269196518,70.22160900033226,47747.38863478057,52.35812082133278,1.7057161449577873,0.08789717864799511,2.759902644412235,0.9775938558213073,True,0.32576482275166985,1.7830999979651097e-05
0.24385300731976967,22.894919388109212,25.244208692769135,43944.042414726326,29.350257382920475,1.537601956850687,0.06451760881688638,1.2704782351254933,0.9693464509865162,True,0.9023628392879403,1.6530999971564597e-05
0.6722007144458992,18.706769733944977,91.88397596842269,112220.52198479332,55.61513533805439,1.8464825857919398,0.036256001329803,1.1205351532616021,0.9745456799378845,True,1.2862150091611388,1.653800001122363e-05
0.6421877024805986,10.380825295316301,92.75653295480866,45864.51446739677,28.000440343081856,0.8436554014313884,0.04226740045252989,1.4535067957583108,0.9651353920033175,True,0.11690200355223301,1.6114000004563422e-05
0.645561495088473,9.004434900112742,28.342335087490653,85782.66385666012,23.819856155492804,2.3711695554722447,0.06324724262224374,0.677633008256399,0.9376128870513345,True,2.032353051344045,2.9027999971731333e-05
0.5911737148597733,23.534095688236974,76.79107853303518,127778.44412554332,56.29674709951831,1.7932206176032603,0.033917985828382076,1.0888173564088048,0.9779678933522297,True,1.248811939398858,1.935500000627144e-05
0.669317865475755,12.650877466412842,40.0600088685797,149353.50506687147,36.44647692051451,2.751273597129675,0.04077195262505436,0.5669407154806012,0.9526769045042195,True,2.467803239389374,2.96790000220426e-05
0.47006482950502865,18.595295414890984,88.98366061217197,25955.948627504436,34.22062913635913,0.7256964161609007,0.06964638418820326,3.367626625494976,0.9752313437999757,False,-0.9581168965865872,6.647999998676823e-05
